Message_Name,Clickthrough__Date,URL
13941_f1_ROAR Day - Launch (RIT Alumni),10/31/2024 15:35,http://give.rit.edu/roar-day-2024/?a=8621244&utm_source=blackbaud&utm_medium=email&utm_campaign=uadv-roar-day&utm_content=alumni
13941_f1_ROAR Day - Launch (RIT Alumni) Group 3,10/31/2024 12:50,http://tigers.rit.edu/site/MessageViewer?em_id=18442.0&dlv_id=24300
13941_f1_ROAR Day - Launch (RIT Alumni),10/31/2024 12:41,http://give.rit.edu/roar-day-2024/?a=8621244&utm_source=blackbaud&utm_medium=email&utm_campaign=uadv-roar-day&utm_content=alumni
13956_f1_ROAR Day - Launch (RIT Parents),10/31/2024 13:32,https://give.rit.edu/roar-day-2024/?a=8621255&utm_source=blackbaud&utm_medium=email&utm_campaign=uadv-roar-day&utm_content=parent
13956_f1_ROAR Day - Launch (RIT Parents),10/31/2024 12:01,https://give.rit.edu/roar-day-2024/?a=8621255&utm_source=blackbaud&utm_medium=email&utm_campaign=uadv-roar-day&utm_content=parent
13941_f1_ROAR Day - Launch (RIT Alumni),11/3/2024 23:16,https://give.rit.edu/pages/roar-day-social-media-toolkit?utm_source=blackbaud&utm_medium=email&utm_campaign=uadv-roar-day&utm_content=alumni
13941_f1_ROAR Day - Launch (RIT Alumni),10/31/2024 12:15,http://tigers.rit.edu/site/MessageViewer?em_id=18430.0&dlv_id=24298
13941_f1_ROAR Day - Launch (RIT Alumni) Group 2,10/31/2024 12:35,http://tigers.rit.edu/site/MessageViewer?em_id=18441.0&dlv_id=24299
13956_f1_ROAR Day - Launch (RIT Parents),10/31/2024 18:35,https://give.rit.edu/roar-day-2024/?a=8621255&utm_source=blackbaud&utm_medium=email&utm_campaign=uadv-roar-day&utm_content=parent
13944_f1_ROAR Day - Launch (RIT Athletics),11/1/2024 9:08,http://give.rit.edu/roar-day-2024/?a=8621245&utm_source=blackbaud&utm_medium=email&utm_campaign=uadv-roar-day&utm_content=ath
13944_f1_ROAR Day - Launch (RIT Athletics),11/1/2024 9:08,http://give.rit.edu/roar-day-2024/?a=8621245&utm_source=blackbaud&utm_medium=email&utm_campaign=uadv-roar-day&utm_content=ath
13941_f1_ROAR Day - Launch (RIT Alumni) Group 3,10/31/2024 12:48,http://tigers.rit.edu/site/MessageViewer?em_id=18442.0&dlv_id=24300
13941_f1_ROAR Day - Launch (RIT Alumni) Group 2,10/31/2024 12:32,http://tigers.rit.edu/site/MessageViewer?em_id=18441.0&dlv_id=24299
13956_f1_ROAR Day - Launch (RIT Parents),11/1/2024 9:22,https://give.rit.edu/roar-day-2024/?a=8621255&utm_source=blackbaud&utm_medium=email&utm_campaign=uadv-roar-day&utm_content=parent
13941_f1_ROAR Day - Launch (RIT Alumni),10/31/2024 22:04,http://give.rit.edu/roar-day-2024/?a=8621244&utm_source=blackbaud&utm_medium=email&utm_campaign=uadv-roar-day&utm_content=alumni
13941_f1_ROAR Day - Launch (RIT Alumni) Group 2,10/31/2024 12:32,http://tigers.rit.edu/site/MessageViewer?em_id=18441.0&dlv_id=24299
13956_f1_ROAR Day - Launch (RIT Parents),10/31/2024 12:22,https://give.rit.edu/roar-day-2024/?a=8621255&utm_source=blackbaud&utm_medium=email&utm_campaign=uadv-roar-day&utm_content=parent
13941_f1_ROAR Day - Launch (RIT Alumni) Group 2,10/31/2024 12:45,http://give.rit.edu/roar-day-2024/?a=8621244&utm_source=blackbaud&utm_medium=email&utm_campaign=uadv-roar-day&utm_content=alumni
13941_f1_ROAR Day - Launch (RIT Alumni),10/31/2024 12:15,http://tigers.rit.edu/site/MessageViewer?em_id=18430.0&dlv_id=24298
13941_f1_ROAR Day - Launch (RIT Alumni) Group 2,10/31/2024 12:31,http://tigers.rit.edu/site/MessageViewer?em_id=18441.0&dlv_id=24299
13956_f1_ROAR Day - Launch (RIT Parents),10/31/2024 16:18,https://give.rit.edu/roar-day-2024/?a=8621255&utm_source=blackbaud&utm_medium=email&utm_campaign=uadv-roar-day&utm_content=parent
13956_f1_ROAR Day - Launch (RIT Parents),10/31/2024 16:18,https://give.rit.edu/roar-day-2024/?a=8621255&utm_source=blackbaud&utm_medium=email&utm_campaign=uadv-roar-day&utm_content=parent
13941_f1_ROAR Day - Launch (RIT Alumni),10/31/2024 12:15,http://tigers.rit.edu/site/MessageViewer?em_id=18430.0&dlv_id=24298
13944_f1_ROAR Day - Launch (RIT Athletics),10/31/2024 12:50,http://give.rit.edu/roar-day-2024/?a=8621245&utm_source=blackbaud&utm_medium=email&utm_campaign=uadv-roar-day&utm_content=ath
13941_f1_ROAR Day - Launch (RIT Alumni),10/31/2024 12:18,http://tigers.rit.edu/site/MessageViewer?em_id=18430.0&dlv_id=24298
13941_f1_ROAR Day - Launch (RIT Alumni) Group 3,10/31/2024 12:45,http://tigers.rit.edu/site/MessageViewer?em_id=18442.0&dlv_id=24300
13941_f1_ROAR Day - Launch (RIT Alumni) Group 4,10/31/2024 15:05,http://give.rit.edu/roar-day-2024/?a=8621244&utm_source=blackbaud&utm_medium=email&utm_campaign=uadv-roar-day&utm_content=alumni
13941_f1_ROAR Day - Launch (RIT Alumni) Group 2,10/31/2024 12:34,http://tigers.rit.edu/site/MessageViewer?em_id=18441.0&dlv_id=24299
13941_f1_ROAR Day - Launch (RIT Alumni),10/31/2024 20:53,http://give.rit.edu/roar-day-2024/?a=8621244&utm_source=blackbaud&utm_medium=email&utm_campaign=uadv-roar-day&utm_content=alumni
13941_f1_ROAR Day - Launch (RIT Alumni),10/31/2024 20:43,http://give.rit.edu/roar-day-2024/?a=8621244&utm_source=blackbaud&utm_medium=email&utm_campaign=uadv-roar-day&utm_content=alumni
13941_f1_ROAR Day - Launch (RIT Alumni),10/31/2024 14:44,http://give.rit.edu/roar-day-2024/?a=8621244&utm_source=blackbaud&utm_medium=email&utm_campaign=uadv-roar-day&utm_content=alumni
13941_f1_ROAR Day - Launch (RIT Alumni),10/31/2024 14:33,http://give.rit.edu/roar-day-2024/?a=8621244&utm_source=blackbaud&utm_medium=email&utm_campaign=uadv-roar-day&utm_content=alumni
13941_f1_ROAR Day - Launch (RIT Alumni) Group 2,10/31/2024 12:34,http://tigers.rit.edu/site/MessageViewer?em_id=18441.0&dlv_id=24299
13941_f1_ROAR Day - Launch (RIT Alumni),10/31/2024 16:46,http://give.rit.edu/roar-day-2024/?a=8621244&utm_source=blackbaud&utm_medium=email&utm_campaign=uadv-roar-day&utm_content=alumni
13944_f1_ROAR Day - Launch (RIT Athletics),10/31/2024 12:49,http://give.rit.edu/roar-day-2024/?a=8621245&utm_source=blackbaud&utm_medium=email&utm_campaign=uadv-roar-day&utm_content=ath
13941_f1_ROAR Day - Launch (RIT Alumni),10/31/2024 13:01,http://give.rit.edu/roar-day-2024/?a=8621244&utm_source=blackbaud&utm_medium=email&utm_campaign=uadv-roar-day&utm_content=alumni
13941_f1_ROAR Day - Launch (RIT Alumni) Group 2,10/31/2024 12:31,http://tigers.rit.edu/site/MessageViewer?em_id=18441.0&dlv_id=24299
13941_f1_ROAR Day - Launch (RIT Alumni),10/31/2024 12:15,http://tigers.rit.edu/site/MessageViewer?em_id=18430.0&dlv_id=24298
13941_f1_ROAR Day - Launch (RIT Alumni),10/31/2024 17:55,http://give.rit.edu/roar-day-2024/?a=8621244&utm_source=blackbaud&utm_medium=email&utm_campaign=uadv-roar-day&utm_content=alumni
13941_f1_ROAR Day - Launch (RIT Alumni),10/31/2024 13:15,http://give.rit.edu/roar-day-2024/?a=8621244&utm_source=blackbaud&utm_medium=email&utm_campaign=uadv-roar-day&utm_content=alumni
13944_f1_ROAR Day - Launch (RIT Athletics),10/31/2024 12:13,http://give.rit.edu/roar-day-2024/?a=8621245&utm_source=blackbaud&utm_medium=email&utm_campaign=uadv-roar-day&utm_content=ath
13941_f1_ROAR Day - Launch (RIT Alumni),10/31/2024 12:46,http://give.rit.edu/roar-day-2024/?a=8621244&utm_source=blackbaud&utm_medium=email&utm_campaign=uadv-roar-day&utm_content=alumni
13941_f1_ROAR Day - Launch (RIT Alumni) Group 3,10/31/2024 13:55,http://tigers.rit.edu/site/MessageViewer?em_id=18442.0&dlv_id=24300
13956_f1_ROAR Day - Launch (RIT Parents),10/31/2024 17:03,https://give.rit.edu/roar-day-2024/?a=8621255&utm_source=blackbaud&utm_medium=email&utm_campaign=uadv-roar-day&utm_content=parent
13941_f1_ROAR Day - Launch (RIT Alumni),11/6/2024 9:46,http://give.rit.edu/roar-day-2024/?a=8621244&utm_source=blackbaud&utm_medium=email&utm_campaign=uadv-roar-day&utm_content=alumni
13941_f1_ROAR Day - Launch (RIT Alumni) Group 4,10/31/2024 13:33,http://tigers.rit.edu/site/MessageViewer?em_id=18443.0&dlv_id=24301
13953_f1_ROAR Day - Launch (RIT Greeks),10/31/2024 15:13,https://give.rit.edu/roar-day-2024/?a=8621253&utm_source=blackbaud&utm_medium=email&utm_campaign=uadv-roar-day&utm_content=greek
13941_f1_ROAR Day - Launch (RIT Alumni),10/31/2024 13:35,http://give.rit.edu/roar-day-2024/?a=8621244&utm_source=blackbaud&utm_medium=email&utm_campaign=uadv-roar-day&utm_content=alumni
13944_f1_ROAR Day - Launch (RIT Athletics),10/31/2024 17:16,http://give.rit.edu/roar-day-2024/?a=8621245&utm_source=blackbaud&utm_medium=email&utm_campaign=uadv-roar-day&utm_content=ath
13944_f1_ROAR Day - Launch (RIT Athletics),10/31/2024 12:02,http://tigers.rit.edu/site/MessageViewer?em_id=18426.0&dlv_id=24294
13944_f1_ROAR Day - Launch (RIT Athletics),10/31/2024 16:16,http://give.rit.edu/roar-day-2024/?a=8621245&utm_source=blackbaud&utm_medium=email&utm_campaign=uadv-roar-day&utm_content=ath
13941_f1_ROAR Day - Launch (RIT Alumni),10/31/2024 12:57,http://give.rit.edu/roar-day-2024/?a=8621244&utm_source=blackbaud&utm_medium=email&utm_campaign=uadv-roar-day&utm_content=alumni
13956_f1_ROAR Day - Launch (RIT Parents),10/31/2024 13:06,https://give.rit.edu/roar-day-2024/?a=8621255&utm_source=blackbaud&utm_medium=email&utm_campaign=uadv-roar-day&utm_content=parent
13953_f1_ROAR Day - Launch (RIT Greeks),10/31/2024 12:01,http://tigers.rit.edu/site/MessageViewer?em_id=18427.0&dlv_id=24295
13956_f1_ROAR Day - Launch (RIT Parents),10/31/2024 19:34,https://give.rit.edu/roar-day-2024/?a=8621255&utm_source=blackbaud&utm_medium=email&utm_campaign=uadv-roar-day&utm_content=parent
13944_f1_ROAR Day - Launch (RIT Athletics),10/31/2024 12:04,http://give.rit.edu/roar-day-2024/?a=8621245&utm_source=blackbaud&utm_medium=email&utm_campaign=uadv-roar-day&utm_content=ath
13944_f1_ROAR Day - Launch (RIT Athletics),10/31/2024 12:09,http://give.rit.edu/roar-day-2024/?a=8621245&utm_source=blackbaud&utm_medium=email&utm_campaign=uadv-roar-day&utm_content=ath
13941_f1_ROAR Day - Launch (RIT Alumni),10/31/2024 13:55,http://give.rit.edu/roar-day-2024/?a=8621244&utm_source=blackbaud&utm_medium=email&utm_campaign=uadv-roar-day&utm_content=alumni
13941_f1_ROAR Day - Launch (RIT Alumni) Group 2,10/31/2024 12:32,http://tigers.rit.edu/site/MessageViewer?em_id=18441.0&dlv_id=24299
13941_f1_ROAR Day - Launch (RIT Alumni) Group 4,10/31/2024 13:03,http://tigers.rit.edu/site/MessageViewer?em_id=18443.0&dlv_id=24301
13956_f1_ROAR Day - Launch (RIT Parents),10/31/2024 12:02,http://tigers.rit.edu/site/MessageViewer?em_id=18428.0&dlv_id=24296
13941_f1_ROAR Day - Launch (RIT Alumni),10/31/2024 12:16,http://tigers.rit.edu/site/MessageViewer?em_id=18430.0&dlv_id=24298
13944_f1_ROAR Day - Launch (RIT Athletics),10/31/2024 13:49,http://give.rit.edu/roar-day-2024/?a=8621245&utm_source=blackbaud&utm_medium=email&utm_campaign=uadv-roar-day&utm_content=ath
13944_f1_ROAR Day - Launch (RIT Athletics),10/31/2024 13:55,http://give.rit.edu/roar-day-2024/?a=8621245&utm_source=blackbaud&utm_medium=email&utm_campaign=uadv-roar-day&utm_content=ath
13941_f1_ROAR Day - Launch (RIT Alumni),10/31/2024 12:17,https://www.rit.edu/alumni/update?utm_source=email&utm_medium=blackbaud&utm_campaign=uadv-uyi&utm_content=adv-footer
13941_f1_ROAR Day - Launch (RIT Alumni),11/1/2024 7:07,http://give.rit.edu/roar-day-2024/?a=8621244&utm_source=blackbaud&utm_medium=email&utm_campaign=uadv-roar-day&utm_content=alumni
13941_f1_ROAR Day - Launch (RIT Alumni),10/31/2024 13:06,http://give.rit.edu/roar-day-2024/?a=8621244&utm_source=blackbaud&utm_medium=email&utm_campaign=uadv-roar-day&utm_content=alumni
13956_f1_ROAR Day - Launch (RIT Parents),11/1/2024 23:45,https://give.rit.edu/roar-day-2024/?a=8621255&utm_source=blackbaud&utm_medium=email&utm_campaign=uadv-roar-day&utm_content=parent
13953_f1_ROAR Day - Launch (RIT Greeks),10/31/2024 22:55,https://give.rit.edu/roar-day-2024/?a=8621253&utm_source=blackbaud&utm_medium=email&utm_campaign=uadv-roar-day&utm_content=greek
13941_f1_ROAR Day - Launch (RIT Alumni),10/31/2024 12:15,http://tigers.rit.edu/site/MessageViewer?em_id=18430.0&dlv_id=24298
13941_f1_ROAR Day - Launch (RIT Alumni),10/31/2024 12:15,http://tigers.rit.edu/site/MessageViewer?em_id=18430.0&dlv_id=24298
13956_f1_ROAR Day - Launch (RIT Parents),10/31/2024 23:15,https://give.rit.edu/roar-day-2024/?a=8621255&utm_source=blackbaud&utm_medium=email&utm_campaign=uadv-roar-day&utm_content=parent
13956_f1_ROAR Day - Launch (RIT Parents),10/31/2024 13:31,https://give.rit.edu/roar-day-2024/?a=8621255&utm_source=blackbaud&utm_medium=email&utm_campaign=uadv-roar-day&utm_content=parent
13941_f1_ROAR Day - Launch (RIT Alumni) Group 4,10/31/2024 13:01,http://tigers.rit.edu/site/MessageViewer?em_id=18443.0&dlv_id=24301
13941_f1_ROAR Day - Launch (RIT Alumni),10/31/2024 12:15,http://tigers.rit.edu/site/MessageViewer?em_id=18430.0&dlv_id=24298
13956_f1_ROAR Day - Launch (RIT Parents),10/31/2024 19:55,https://give.rit.edu/roar-day-2024/?a=8621255&utm_source=blackbaud&utm_medium=email&utm_campaign=uadv-roar-day&utm_content=parent
13944_f1_ROAR Day - Launch (RIT Athletics),10/31/2024 15:58,http://give.rit.edu/roar-day-2024/?a=8621245&utm_source=blackbaud&utm_medium=email&utm_campaign=uadv-roar-day&utm_content=ath
13941_f1_ROAR Day - Launch (RIT Alumni) Group 3,10/31/2024 12:46,http://tigers.rit.edu/site/MessageViewer?em_id=18442.0&dlv_id=24300
13941_f1_ROAR Day - Launch (RIT Alumni) Group 4,11/1/2024 8:53,http://give.rit.edu/roar-day-2024/?a=8621244&utm_source=blackbaud&utm_medium=email&utm_campaign=uadv-roar-day&utm_content=alumni
13941_f1_ROAR Day - Launch (RIT Alumni) Group 4,10/31/2024 19:44,http://give.rit.edu/roar-day-2024/?a=8621244&utm_source=blackbaud&utm_medium=email&utm_campaign=uadv-roar-day&utm_content=alumni
13941_f1_ROAR Day - Launch (RIT Alumni),10/31/2024 14:44,http://give.rit.edu/roar-day-2024/?a=8621244&utm_source=blackbaud&utm_medium=email&utm_campaign=uadv-roar-day&utm_content=alumni
13941_f1_ROAR Day - Launch (RIT Alumni),10/31/2024 12:15,http://tigers.rit.edu/site/MessageViewer?em_id=18430.0&dlv_id=24298
13941_f1_ROAR Day - Launch (RIT Alumni),10/31/2024 12:15,http://tigers.rit.edu/site/MessageViewer?em_id=18430.0&dlv_id=24298
13941_f1_ROAR Day - Launch (RIT Alumni) Group 4,10/31/2024 16:35,http://give.rit.edu/roar-day-2024/?a=8621244&utm_source=blackbaud&utm_medium=email&utm_campaign=uadv-roar-day&utm_content=alumni
13941_f1_ROAR Day - Launch (RIT Alumni) Group 4,10/31/2024 16:35,http://give.rit.edu/roar-day-2024/?a=8621244&utm_source=blackbaud&utm_medium=email&utm_campaign=uadv-roar-day&utm_content=alumni
13941_f1_ROAR Day - Launch (RIT Alumni) Group 3,10/31/2024 12:46,http://tigers.rit.edu/site/MessageViewer?em_id=18442.0&dlv_id=24300
13944_f1_ROAR Day - Launch (RIT Athletics),10/31/2024 15:33,http://give.rit.edu/roar-day-2024/?a=8621245&utm_source=blackbaud&utm_medium=email&utm_campaign=uadv-roar-day&utm_content=ath
13956_f1_ROAR Day - Launch (RIT Parents),10/31/2024 18:38,https://give.rit.edu/roar-day-2024/?a=8621255&utm_source=blackbaud&utm_medium=email&utm_campaign=uadv-roar-day&utm_content=parent
13956_f1_ROAR Day - Launch (RIT Parents),10/31/2024 12:01,http://tigers.rit.edu/site/MessageViewer?em_id=18428.0&dlv_id=24296
13941_f1_ROAR Day - Launch (RIT Alumni),10/31/2024 12:54,http://give.rit.edu/roar-day-2024/?a=8621244&utm_source=blackbaud&utm_medium=email&utm_campaign=uadv-roar-day&utm_content=alumni
13944_f1_ROAR Day - Launch (RIT Athletics),11/1/2024 14:33,http://give.rit.edu/roar-day-2024/?a=8621245&utm_source=blackbaud&utm_medium=email&utm_campaign=uadv-roar-day&utm_content=ath
13944_f1_ROAR Day - Launch (RIT Athletics),10/31/2024 12:01,http://tigers.rit.edu/site/MessageViewer?em_id=18426.0&dlv_id=24294
13941_f1_ROAR Day - Launch (RIT Alumni) Group 3,10/31/2024 12:47,http://tigers.rit.edu/site/MessageViewer?em_id=18442.0&dlv_id=24300
13953_f1_ROAR Day - Launch (RIT Greeks),10/31/2024 12:02,http://tigers.rit.edu/site/MessageViewer?em_id=18427.0&dlv_id=24295
13938_f1_ROAR Day - Launch (Sentinel Society),10/31/2024 19:13,https://give.rit.edu/pages/roar-day-social-media-toolkit?utm_source=blackbaud&utm_medium=email&utm_campaign=uadv-roar-day&utm_content=sentinel
13941_f1_ROAR Day - Launch (RIT Alumni) Group 2,10/31/2024 12:31,http://tigers.rit.edu/site/MessageViewer?em_id=18441.0&dlv_id=24299
13956_f1_ROAR Day - Launch (RIT Parents),10/31/2024 12:01,http://tigers.rit.edu/site/MessageViewer?em_id=18428.0&dlv_id=24296
13941_f1_ROAR Day - Launch (RIT Alumni) Group 3,10/31/2024 13:23,http://tigers.rit.edu/site/MessageViewer?em_id=18442.0&dlv_id=24300
13956_f1_ROAR Day - Launch (RIT Parents),10/31/2024 12:01,http://tigers.rit.edu/site/MessageViewer?em_id=18428.0&dlv_id=24296
13941_f1_ROAR Day - Launch (RIT Alumni) Group 3,10/31/2024 12:47,http://tigers.rit.edu/site/MessageViewer?em_id=18442.0&dlv_id=24300
13941_f1_ROAR Day - Launch (RIT Alumni),10/31/2024 12:15,http://tigers.rit.edu/site/MessageViewer?em_id=18430.0&dlv_id=24298
13941_f1_ROAR Day - Launch (RIT Alumni) Group 2,10/31/2024 12:31,http://tigers.rit.edu/site/MessageViewer?em_id=18441.0&dlv_id=24299
13941_f1_ROAR Day - Launch (RIT Alumni),10/31/2024 12:15,http://tigers.rit.edu/site/MessageViewer?em_id=18430.0&dlv_id=24298
13941_f1_ROAR Day - Launch (RIT Alumni),10/31/2024 12:16,http://tigers.rit.edu/site/MessageViewer?em_id=18430.0&dlv_id=24298
13956_f1_ROAR Day - Launch (RIT Parents),10/31/2024 20:15,https://give.rit.edu/roar-day-2024/?a=8621255&utm_source=blackbaud&utm_medium=email&utm_campaign=uadv-roar-day&utm_content=parent
13941_f1_ROAR Day - Launch (RIT Alumni),10/31/2024 12:15,http://tigers.rit.edu/site/MessageViewer?em_id=18430.0&dlv_id=24298
13941_f1_ROAR Day - Launch (RIT Alumni) Group 3,10/31/2024 12:46,http://tigers.rit.edu/site/MessageViewer?em_id=18442.0&dlv_id=24300
13941_f1_ROAR Day - Launch (RIT Alumni) Group 4,10/31/2024 13:02,http://tigers.rit.edu/site/MessageViewer?em_id=18443.0&dlv_id=24301
13941_f1_ROAR Day - Launch (RIT Alumni),10/31/2024 12:25,http://give.rit.edu/roar-day-2024/?a=8621244&utm_source=blackbaud&utm_medium=email&utm_campaign=uadv-roar-day&utm_content=alumni
13941_f1_ROAR Day - Launch (RIT Alumni),10/31/2024 13:00,http://give.rit.edu/roar-day-2024/?a=8621244&utm_source=blackbaud&utm_medium=email&utm_campaign=uadv-roar-day&utm_content=alumni
13941_f1_ROAR Day - Launch (RIT Alumni) Group 3,10/31/2024 12:51,http://give.rit.edu/roar-day-2024/?a=8621244&utm_source=blackbaud&utm_medium=email&utm_campaign=uadv-roar-day&utm_content=alumni
13941_f1_ROAR Day - Launch (RIT Alumni) Group 3,10/31/2024 12:51,http://tigers.rit.edu/site/MessageViewer?em_id=18442.0&dlv_id=24300
13956_f1_ROAR Day - Launch (RIT Parents),10/31/2024 14:19,https://give.rit.edu/roar-day-2024/?a=8621255&utm_source=blackbaud&utm_medium=email&utm_campaign=uadv-roar-day&utm_content=parent
13941_f1_ROAR Day - Launch (RIT Alumni) Group 3,11/2/2024 11:53,http://tigers.rit.edu/site/MessageViewer?em_id=18442.0&dlv_id=24300
13956_f1_ROAR Day - Launch (RIT Parents),10/31/2024 12:08,https://give.rit.edu/roar-day-2024/?a=8621255&utm_source=blackbaud&utm_medium=email&utm_campaign=uadv-roar-day&utm_content=parent
13941_f1_ROAR Day - Launch (RIT Alumni) Group 2,10/31/2024 12:31,http://tigers.rit.edu/site/MessageViewer?em_id=18441.0&dlv_id=24299
13938_f1_ROAR Day - Launch (Sentinel Society),10/31/2024 12:46,http://give.rit.edu/roar-day-2024/?a=8900109&utm_source=blackbaud&utm_medium=email&utm_campaign=uadv-roar-day&utm_content=sentinel
13941_f1_ROAR Day - Launch (RIT Alumni) Group 4,10/31/2024 20:35,http://give.rit.edu/roar-day-2024/?a=8621244&utm_source=blackbaud&utm_medium=email&utm_campaign=uadv-roar-day&utm_content=alumni
13944_f1_ROAR Day - Launch (RIT Athletics),10/31/2024 12:04,http://tigers.rit.edu/site/MessageViewer?em_id=18426.0&dlv_id=24294
13956_f1_ROAR Day - Launch (RIT Parents),10/31/2024 14:46,https://give.rit.edu/roar-day-2024/?a=8621255&utm_source=blackbaud&utm_medium=email&utm_campaign=uadv-roar-day&utm_content=parent
13956_f1_ROAR Day - Launch (RIT Parents),10/31/2024 13:59,https://give.rit.edu/roar-day-2024/?a=8621255&utm_source=blackbaud&utm_medium=email&utm_campaign=uadv-roar-day&utm_content=parent
13956_f1_ROAR Day - Launch (RIT Parents),10/31/2024 17:06,https://give.rit.edu/roar-day-2024/?a=8621255&utm_source=blackbaud&utm_medium=email&utm_campaign=uadv-roar-day&utm_content=parent
13941_f1_ROAR Day - Launch (RIT Alumni),10/31/2024 12:15,http://tigers.rit.edu/site/MessageViewer?em_id=18430.0&dlv_id=24298
13941_f1_ROAR Day - Launch (RIT Alumni) Group 4,10/31/2024 13:02,https://give.rit.edu/pages/roar-day-social-media-toolkit?utm_source=blackbaud&utm_medium=email&utm_campaign=uadv-roar-day&utm_content=alumni
13941_f1_ROAR Day - Launch (RIT Alumni) Group 4,10/31/2024 13:03,http://give.rit.edu/roar-day-2024/?a=8621244&utm_source=blackbaud&utm_medium=email&utm_campaign=uadv-roar-day&utm_content=alumni
13941_f1_ROAR Day - Launch (RIT Alumni) Group 4,10/31/2024 13:03,http://tigers.rit.edu/site/MessageViewer?em_id=18443.0&dlv_id=24301
13956_f1_ROAR Day - Launch (RIT Parents),10/31/2024 12:18,https://give.rit.edu/roar-day-2024/?a=8621255&utm_source=blackbaud&utm_medium=email&utm_campaign=uadv-roar-day&utm_content=parent
13956_f1_ROAR Day - Launch (RIT Parents),10/31/2024 12:18,https://give.rit.edu/roar-day-2024/?a=8621255&utm_source=blackbaud&utm_medium=email&utm_campaign=uadv-roar-day&utm_content=parent
13944_f1_ROAR Day - Launch (RIT Athletics),10/31/2024 12:19,http://give.rit.edu/roar-day-2024/?a=8621245&utm_source=blackbaud&utm_medium=email&utm_campaign=uadv-roar-day&utm_content=ath
13941_f1_ROAR Day - Launch (RIT Alumni),10/31/2024 18:18,http://give.rit.edu/roar-day-2024/?a=8621244&utm_source=blackbaud&utm_medium=email&utm_campaign=uadv-roar-day&utm_content=alumni
13941_f1_ROAR Day - Launch (RIT Alumni),10/31/2024 18:03,http://give.rit.edu/roar-day-2024/?a=8621244&utm_source=blackbaud&utm_medium=email&utm_campaign=uadv-roar-day&utm_content=alumni
13944_f1_ROAR Day - Launch (RIT Athletics),11/1/2024 4:41,http://give.rit.edu/roar-day-2024/?a=8621245&utm_source=blackbaud&utm_medium=email&utm_campaign=uadv-roar-day&utm_content=ath
13941_f1_ROAR Day - Launch (RIT Alumni) Group 3,10/31/2024 12:46,http://tigers.rit.edu/site/MessageViewer?em_id=18442.0&dlv_id=24300
13941_f1_ROAR Day - Launch (RIT Alumni),10/31/2024 16:24,http://give.rit.edu/roar-day-2024/?a=8621244&utm_source=blackbaud&utm_medium=email&utm_campaign=uadv-roar-day&utm_content=alumni
13941_f1_ROAR Day - Launch (RIT Alumni) Group 4,10/31/2024 14:33,http://give.rit.edu/roar-day-2024/?a=8621244&utm_source=blackbaud&utm_medium=email&utm_campaign=uadv-roar-day&utm_content=alumni
13956_f1_ROAR Day - Launch (RIT Parents),10/31/2024 19:06,https://give.rit.edu/roar-day-2024/?a=8621255&utm_source=blackbaud&utm_medium=email&utm_campaign=uadv-roar-day&utm_content=parent
13944_f1_ROAR Day - Launch (RIT Athletics),10/31/2024 12:12,http://give.rit.edu/roar-day-2024/?a=8621245&utm_source=blackbaud&utm_medium=email&utm_campaign=uadv-roar-day&utm_content=ath
13941_f1_ROAR Day - Launch (RIT Alumni),10/31/2024 12:41,http://give.rit.edu/roar-day-2024/?a=8621244&utm_source=blackbaud&utm_medium=email&utm_campaign=uadv-roar-day&utm_content=alumni
13941_f1_ROAR Day - Launch (RIT Alumni),10/31/2024 12:50,http://give.rit.edu/roar-day-2024/?a=8621244&utm_source=blackbaud&utm_medium=email&utm_campaign=uadv-roar-day&utm_content=alumni
13941_f1_ROAR Day - Launch (RIT Alumni),10/31/2024 12:15,http://tigers.rit.edu/site/MessageViewer?em_id=18430.0&dlv_id=24298
13944_f1_ROAR Day - Launch (RIT Athletics),10/31/2024 23:49,http://give.rit.edu/roar-day-2024/?a=8621245&utm_source=blackbaud&utm_medium=email&utm_campaign=uadv-roar-day&utm_content=ath
13941_f1_ROAR Day - Launch (RIT Alumni) Group 2,10/31/2024 12:32,http://tigers.rit.edu/site/MessageViewer?em_id=18441.0&dlv_id=24299
13941_f1_ROAR Day - Launch (RIT Alumni) Group 2,11/5/2024 13:46,http://give.rit.edu/roar-day-2024/?a=8621244&utm_source=blackbaud&utm_medium=email&utm_campaign=uadv-roar-day&utm_content=alumni
13944_f1_ROAR Day - Launch (RIT Athletics),10/31/2024 12:38,http://give.rit.edu/roar-day-2024/?a=8621245&utm_source=blackbaud&utm_medium=email&utm_campaign=uadv-roar-day&utm_content=ath
13956_f1_ROAR Day - Launch (RIT Parents),10/31/2024 12:59,https://give.rit.edu/roar-day-2024/?a=8621255&utm_source=blackbaud&utm_medium=email&utm_campaign=uadv-roar-day&utm_content=parent
13953_f1_ROAR Day - Launch (RIT Greeks),10/31/2024 12:02,http://tigers.rit.edu/site/MessageViewer?em_id=18427.0&dlv_id=24295
13941_f1_ROAR Day - Launch (RIT Alumni) Group 2,10/31/2024 12:31,http://tigers.rit.edu/site/MessageViewer?em_id=18441.0&dlv_id=24299
13944_f1_ROAR Day - Launch (RIT Athletics),11/1/2024 7:53,http://give.rit.edu/roar-day-2024/?a=8621245&utm_source=blackbaud&utm_medium=email&utm_campaign=uadv-roar-day&utm_content=ath
13941_f1_ROAR Day - Launch (RIT Alumni) Group 4,10/31/2024 16:58,http://give.rit.edu/roar-day-2024/?a=8621244&utm_source=blackbaud&utm_medium=email&utm_campaign=uadv-roar-day&utm_content=alumni
13944_f1_ROAR Day - Launch (RIT Athletics),10/31/2024 12:01,http://tigers.rit.edu/site/MessageViewer?em_id=18426.0&dlv_id=24294
13956_f1_ROAR Day - Launch (RIT Parents),10/31/2024 12:02,http://tigers.rit.edu/site/MessageViewer?em_id=18428.0&dlv_id=24296
13956_f1_ROAR Day - Launch (RIT Parents),10/31/2024 12:54,https://give.rit.edu/roar-day-2024/?a=8621255&utm_source=blackbaud&utm_medium=email&utm_campaign=uadv-roar-day&utm_content=parent
13941_f1_ROAR Day - Launch (RIT Alumni) Group 3,10/31/2024 12:47,http://tigers.rit.edu/site/MessageViewer?em_id=18442.0&dlv_id=24300
13941_f1_ROAR Day - Launch (RIT Alumni) Group 4,10/31/2024 13:27,http://give.rit.edu/roar-day-2024/?a=8621244&utm_source=blackbaud&utm_medium=email&utm_campaign=uadv-roar-day&utm_content=alumni
13956_f1_ROAR Day - Launch (RIT Parents),10/31/2024 12:14,http://tigers.rit.edu/site/MessageViewer?em_id=18428.0&dlv_id=24296
13941_f1_ROAR Day - Launch (RIT Alumni) Group 2,10/31/2024 12:32,http://tigers.rit.edu/site/MessageViewer?em_id=18441.0&dlv_id=24299
13944_f1_ROAR Day - Launch (RIT Athletics),10/31/2024 12:19,http://give.rit.edu/roar-day-2024/?a=8621245&utm_source=blackbaud&utm_medium=email&utm_campaign=uadv-roar-day&utm_content=ath
13941_f1_ROAR Day - Launch (RIT Alumni) Group 3,10/31/2024 12:47,http://give.rit.edu/roar-day-2024/?a=8621244&utm_source=blackbaud&utm_medium=email&utm_campaign=uadv-roar-day&utm_content=alumni
13941_f1_ROAR Day - Launch (RIT Alumni) Group 3,10/31/2024 12:51,http://tigers.rit.edu/site/MessageViewer?em_id=18442.0&dlv_id=24300
13941_f1_ROAR Day - Launch (RIT Alumni) Group 3,10/31/2024 12:46,https://give.rit.edu/pages/roar-day-social-media-toolkit?utm_source=blackbaud&utm_medium=email&utm_campaign=uadv-roar-day&utm_content=alumni
13956_f1_ROAR Day - Launch (RIT Parents),10/31/2024 12:54,https://give.rit.edu/roar-day-2024/?a=8621255&utm_source=blackbaud&utm_medium=email&utm_campaign=uadv-roar-day&utm_content=parent
13941_f1_ROAR Day - Launch (RIT Alumni),10/31/2024 12:23,http://give.rit.edu/roar-day-2024/?a=8621244&utm_source=blackbaud&utm_medium=email&utm_campaign=uadv-roar-day&utm_content=alumni
13941_f1_ROAR Day - Launch (RIT Alumni),10/31/2024 12:15,http://tigers.rit.edu/site/MessageViewer?em_id=18430.0&dlv_id=24298
13941_f1_ROAR Day - Launch (RIT Alumni) Group 3,11/15/2024 7:42,https://www.rit.edu/alumni/update?utm_source=email&utm_medium=blackbaud&utm_campaign=uadv-uyi&utm_content=adv-footer
13944_f1_ROAR Day - Launch (RIT Athletics),10/31/2024 13:20,http://give.rit.edu/roar-day-2024/?a=8621245&utm_source=blackbaud&utm_medium=email&utm_campaign=uadv-roar-day&utm_content=ath
13941_f1_ROAR Day - Launch (RIT Alumni) Group 4,10/31/2024 13:12,http://give.rit.edu/roar-day-2024/?a=8621244&utm_source=blackbaud&utm_medium=email&utm_campaign=uadv-roar-day&utm_content=alumni
13941_f1_ROAR Day - Launch (RIT Alumni) Group 4,10/31/2024 13:01,http://tigers.rit.edu/site/MessageViewer?em_id=18443.0&dlv_id=24301
13956_f1_ROAR Day - Launch (RIT Parents),10/31/2024 12:01,http://tigers.rit.edu/site/MessageViewer?em_id=18428.0&dlv_id=24296
13941_f1_ROAR Day - Launch (RIT Alumni),10/31/2024 12:15,http://tigers.rit.edu/site/MessageViewer?em_id=18430.0&dlv_id=24298
13941_f1_ROAR Day - Launch (RIT Alumni) Group 4,10/31/2024 14:18,https://www.rit.edu/alumni/update?utm_source=email&utm_medium=blackbaud&utm_campaign=uadv-uyi&utm_content=adv-footer
13941_f1_ROAR Day - Launch (RIT Alumni),10/31/2024 12:15,http://tigers.rit.edu/site/MessageViewer?em_id=18430.0&dlv_id=24298
13941_f1_ROAR Day - Launch (RIT Alumni),10/31/2024 12:15,http://tigers.rit.edu/site/MessageViewer?em_id=18430.0&dlv_id=24298
13941_f1_ROAR Day - Launch (RIT Alumni) Group 2,10/31/2024 12:33,http://tigers.rit.edu/site/MessageViewer?em_id=18441.0&dlv_id=24299
13941_f1_ROAR Day - Launch (RIT Alumni),10/31/2024 12:38,http://give.rit.edu/roar-day-2024/?a=8621244&utm_source=blackbaud&utm_medium=email&utm_campaign=uadv-roar-day&utm_content=alumni
13956_f1_ROAR Day - Launch (RIT Parents),10/31/2024 13:21,https://give.rit.edu/roar-day-2024/?a=8621255&utm_source=blackbaud&utm_medium=email&utm_campaign=uadv-roar-day&utm_content=parent
13941_f1_ROAR Day - Launch (RIT Alumni),10/31/2024 12:15,http://tigers.rit.edu/site/MessageViewer?em_id=18430.0&dlv_id=24298
13941_f1_ROAR Day - Launch (RIT Alumni),10/31/2024 12:16,http://tigers.rit.edu/site/MessageViewer?em_id=18430.0&dlv_id=24298
13944_f1_ROAR Day - Launch (RIT Athletics),10/31/2024 13:39,http://give.rit.edu/roar-day-2024/?a=8621245&utm_source=blackbaud&utm_medium=email&utm_campaign=uadv-roar-day&utm_content=ath
13956_f1_ROAR Day - Launch (RIT Parents),10/31/2024 12:05,https://give.rit.edu/roar-day-2024/?a=8621255&utm_source=blackbaud&utm_medium=email&utm_campaign=uadv-roar-day&utm_content=parent
13938_f1_ROAR Day - Launch (Sentinel Society),10/31/2024 13:41,https://give.rit.edu/pages/roar-day-social-media-toolkit?utm_source=blackbaud&utm_medium=email&utm_campaign=uadv-roar-day&utm_content=sentinel
13941_f1_ROAR Day - Launch (RIT Alumni) Group 4,10/31/2024 13:03,http://give.rit.edu/roar-day-2024/?a=8621244&utm_source=blackbaud&utm_medium=email&utm_campaign=uadv-roar-day&utm_content=alumni
13944_f1_ROAR Day - Launch (RIT Athletics),10/31/2024 12:04,http://tigers.rit.edu/site/MessageViewer?em_id=18426.0&dlv_id=24294
13956_f1_ROAR Day - Launch (RIT Parents),11/1/2024 9:28,https://give.rit.edu/roar-day-2024/?a=8621255&utm_source=blackbaud&utm_medium=email&utm_campaign=uadv-roar-day&utm_content=parent
13944_f1_ROAR Day - Launch (RIT Athletics),10/31/2024 16:06,http://give.rit.edu/roar-day-2024/?a=8621245&utm_source=blackbaud&utm_medium=email&utm_campaign=uadv-roar-day&utm_content=ath
13941_f1_ROAR Day - Launch (RIT Alumni) Group 4,10/31/2024 13:19,http://give.rit.edu/roar-day-2024/?a=8621244&utm_source=blackbaud&utm_medium=email&utm_campaign=uadv-roar-day&utm_content=alumni
13944_f1_ROAR Day - Launch (RIT Athletics),10/31/2024 12:25,http://give.rit.edu/roar-day-2024/?a=8621245&utm_source=blackbaud&utm_medium=email&utm_campaign=uadv-roar-day&utm_content=ath
13944_f1_ROAR Day - Launch (RIT Athletics),11/1/2024 11:03,http://give.rit.edu/roar-day-2024/?a=8621245&utm_source=blackbaud&utm_medium=email&utm_campaign=uadv-roar-day&utm_content=ath
13944_f1_ROAR Day - Launch (RIT Athletics),11/1/2024 11:03,http://give.rit.edu/roar-day-2024/?a=8621245&utm_source=blackbaud&utm_medium=email&utm_campaign=uadv-roar-day&utm_content=ath
13941_f1_ROAR Day - Launch (RIT Alumni) Group 2,10/31/2024 12:31,http://tigers.rit.edu/site/MessageViewer?em_id=18441.0&dlv_id=24299
13944_f1_ROAR Day - Launch (RIT Athletics),10/31/2024 13:34,http://give.rit.edu/roar-day-2024/?a=8621245&utm_source=blackbaud&utm_medium=email&utm_campaign=uadv-roar-day&utm_content=ath
13941_f1_ROAR Day - Launch (RIT Alumni) Group 2,10/31/2024 12:32,http://tigers.rit.edu/site/MessageViewer?em_id=18441.0&dlv_id=24299
13944_f1_ROAR Day - Launch (RIT Athletics),10/31/2024 18:13,http://give.rit.edu/roar-day-2024/?a=8621245&utm_source=blackbaud&utm_medium=email&utm_campaign=uadv-roar-day&utm_content=ath
13953_f1_ROAR Day - Launch (RIT Greeks),10/31/2024 12:01,http://tigers.rit.edu/site/MessageViewer?em_id=18427.0&dlv_id=24295
13944_f1_ROAR Day - Launch (RIT Athletics),10/31/2024 19:25,http://give.rit.edu/roar-day-2024/?a=8621245&utm_source=blackbaud&utm_medium=email&utm_campaign=uadv-roar-day&utm_content=ath
13941_f1_ROAR Day - Launch (RIT Alumni) Group 3,10/31/2024 12:46,http://tigers.rit.edu/site/MessageViewer?em_id=18442.0&dlv_id=24300
13956_f1_ROAR Day - Launch (RIT Parents),10/31/2024 15:44,https://give.rit.edu/roar-day-2024/?a=8621255&utm_source=blackbaud&utm_medium=email&utm_campaign=uadv-roar-day&utm_content=parent
13941_f1_ROAR Day - Launch (RIT Alumni) Group 4,10/31/2024 13:01,http://tigers.rit.edu/site/MessageViewer?em_id=18443.0&dlv_id=24301
13956_f1_ROAR Day - Launch (RIT Parents),10/31/2024 19:25,https://give.rit.edu/roar-day-2024/?a=8621255&utm_source=blackbaud&utm_medium=email&utm_campaign=uadv-roar-day&utm_content=parent
13941_f1_ROAR Day - Launch (RIT Alumni),10/31/2024 12:15,http://tigers.rit.edu/site/MessageViewer?em_id=18430.0&dlv_id=24298
13956_f1_ROAR Day - Launch (RIT Parents),10/31/2024 15:53,https://give.rit.edu/roar-day-2024/?a=8621255&utm_source=blackbaud&utm_medium=email&utm_campaign=uadv-roar-day&utm_content=parent
13944_f1_ROAR Day - Launch (RIT Athletics),10/31/2024 12:04,http://tigers.rit.edu/site/MessageViewer?em_id=18426.0&dlv_id=24294
13941_f1_ROAR Day - Launch (RIT Alumni) Group 4,10/31/2024 15:26,http://give.rit.edu/roar-day-2024/?a=8621244&utm_source=blackbaud&utm_medium=email&utm_campaign=uadv-roar-day&utm_content=alumni
13941_f1_ROAR Day - Launch (RIT Alumni) Group 4,10/31/2024 15:26,http://give.rit.edu/roar-day-2024/?a=8621244&utm_source=blackbaud&utm_medium=email&utm_campaign=uadv-roar-day&utm_content=alumni
13941_f1_ROAR Day - Launch (RIT Alumni) Group 4,10/31/2024 15:26,http://give.rit.edu/roar-day-2024/?a=8621244&utm_source=blackbaud&utm_medium=email&utm_campaign=uadv-roar-day&utm_content=alumni
13941_f1_ROAR Day - Launch (RIT Alumni),10/31/2024 12:16,http://tigers.rit.edu/site/MessageViewer?em_id=18430.0&dlv_id=24298
13941_f1_ROAR Day - Launch (RIT Alumni) Group 2,10/31/2024 12:48,http://give.rit.edu/roar-day-2024/?a=8621244&utm_source=blackbaud&utm_medium=email&utm_campaign=uadv-roar-day&utm_content=alumni
13944_f1_ROAR Day - Launch (RIT Athletics),11/1/2024 11:07,http://give.rit.edu/roar-day-2024/?a=8621245&utm_source=blackbaud&utm_medium=email&utm_campaign=uadv-roar-day&utm_content=ath
13941_f1_ROAR Day - Launch (RIT Alumni),10/31/2024 12:27,http://give.rit.edu/roar-day-2024/?a=8621244&utm_source=blackbaud&utm_medium=email&utm_campaign=uadv-roar-day&utm_content=alumni
13956_f1_ROAR Day - Launch (RIT Parents),10/31/2024 18:24,https://give.rit.edu/roar-day-2024/?a=8621255&utm_source=blackbaud&utm_medium=email&utm_campaign=uadv-roar-day&utm_content=parent
13956_f1_ROAR Day - Launch (RIT Parents),10/31/2024 12:01,http://tigers.rit.edu/site/MessageViewer?em_id=18428.0&dlv_id=24296
13941_f1_ROAR Day - Launch (RIT Alumni) Group 3,10/31/2024 18:23,http://give.rit.edu/roar-day-2024/?a=8621244&utm_source=blackbaud&utm_medium=email&utm_campaign=uadv-roar-day&utm_content=alumni
13956_f1_ROAR Day - Launch (RIT Parents),11/1/2024 15:49,https://give.rit.edu/roar-day-2024/?a=8621255&utm_source=blackbaud&utm_medium=email&utm_campaign=uadv-roar-day&utm_content=parent
13941_f1_ROAR Day - Launch (RIT Alumni),10/31/2024 12:16,http://tigers.rit.edu/site/MessageViewer?em_id=18430.0&dlv_id=24298
13944_f1_ROAR Day - Launch (RIT Athletics),11/1/2024 20:55,http://give.rit.edu/roar-day-2024/?a=8621245&utm_source=blackbaud&utm_medium=email&utm_campaign=uadv-roar-day&utm_content=ath
13944_f1_ROAR Day - Launch (RIT Athletics),10/31/2024 14:46,http://give.rit.edu/roar-day-2024/?a=8621245&utm_source=blackbaud&utm_medium=email&utm_campaign=uadv-roar-day&utm_content=ath
13956_f1_ROAR Day - Launch (RIT Parents),10/31/2024 12:04,https://give.rit.edu/roar-day-2024/?a=8621255&utm_source=blackbaud&utm_medium=email&utm_campaign=uadv-roar-day&utm_content=parent
13941_f1_ROAR Day - Launch (RIT Alumni) Group 2,10/31/2024 12:33,http://tigers.rit.edu/site/MessageViewer?em_id=18441.0&dlv_id=24299
13956_f1_ROAR Day - Launch (RIT Parents),11/1/2024 8:27,https://give.rit.edu/roar-day-2024/?a=8621255&utm_source=blackbaud&utm_medium=email&utm_campaign=uadv-roar-day&utm_content=parent
13956_f1_ROAR Day - Launch (RIT Parents),10/31/2024 12:34,https://give.rit.edu/roar-day-2024/?a=8621255&utm_source=blackbaud&utm_medium=email&utm_campaign=uadv-roar-day&utm_content=parent
13941_f1_ROAR Day - Launch (RIT Alumni),10/31/2024 12:15,http://tigers.rit.edu/site/MessageViewer?em_id=18430.0&dlv_id=24298
13941_f1_ROAR Day - Launch (RIT Alumni) Group 3,10/31/2024 12:48,http://give.rit.edu/roar-day-2024/?a=8621244&utm_source=blackbaud&utm_medium=email&utm_campaign=uadv-roar-day&utm_content=alumni
13941_f1_ROAR Day - Launch (RIT Alumni) Group 3,10/31/2024 12:47,http://tigers.rit.edu/site/MessageViewer?em_id=18442.0&dlv_id=24300
13941_f1_ROAR Day - Launch (RIT Alumni) Group 3,10/31/2024 12:46,https://give.rit.edu/pages/roar-day-social-media-toolkit?utm_source=blackbaud&utm_medium=email&utm_campaign=uadv-roar-day&utm_content=alumni
13944_f1_ROAR Day - Launch (RIT Athletics),10/31/2024 13:24,http://give.rit.edu/roar-day-2024/?a=8621245&utm_source=blackbaud&utm_medium=email&utm_campaign=uadv-roar-day&utm_content=ath
13941_f1_ROAR Day - Launch (RIT Alumni),10/31/2024 13:53,http://give.rit.edu/roar-day-2024/?a=8621244&utm_source=blackbaud&utm_medium=email&utm_campaign=uadv-roar-day&utm_content=alumni
13941_f1_ROAR Day - Launch (RIT Alumni),10/31/2024 12:37,http://give.rit.edu/roar-day-2024/?a=8621244&utm_source=blackbaud&utm_medium=email&utm_campaign=uadv-roar-day&utm_content=alumni
13956_f1_ROAR Day - Launch (RIT Parents),10/31/2024 15:30,https://give.rit.edu/roar-day-2024/?a=8621255&utm_source=blackbaud&utm_medium=email&utm_campaign=uadv-roar-day&utm_content=parent
13953_f1_ROAR Day - Launch (RIT Greeks),10/31/2024 12:01,http://tigers.rit.edu/site/MessageViewer?em_id=18427.0&dlv_id=24295
13941_f1_ROAR Day - Launch (RIT Alumni),10/31/2024 12:15,http://tigers.rit.edu/site/MessageViewer?em_id=18430.0&dlv_id=24298
13941_f1_ROAR Day - Launch (RIT Alumni),10/31/2024 12:22,http://give.rit.edu/roar-day-2024/?a=8621244&utm_source=blackbaud&utm_medium=email&utm_campaign=uadv-roar-day&utm_content=alumni
13956_f1_ROAR Day - Launch (RIT Parents),10/31/2024 13:46,https://give.rit.edu/roar-day-2024/?a=8621255&utm_source=blackbaud&utm_medium=email&utm_campaign=uadv-roar-day&utm_content=parent
13944_f1_ROAR Day - Launch (RIT Athletics),10/31/2024 12:32,http://tigers.rit.edu/site/MessageViewer?em_id=18426.0&dlv_id=24294
13956_f1_ROAR Day - Launch (RIT Parents),10/31/2024 12:17,https://give.rit.edu/roar-day-2024/?a=8621255&utm_source=blackbaud&utm_medium=email&utm_campaign=uadv-roar-day&utm_content=parent
13956_f1_ROAR Day - Launch (RIT Parents),10/31/2024 22:37,http://tigers.rit.edu/site/MessageViewer?em_id=18428.0&dlv_id=24296
13956_f1_ROAR Day - Launch (RIT Parents),10/31/2024 12:01,http://tigers.rit.edu/site/MessageViewer?em_id=18428.0&dlv_id=24296
13941_f1_ROAR Day - Launch (RIT Alumni) Group 4,10/31/2024 13:01,http://tigers.rit.edu/site/MessageViewer?em_id=18443.0&dlv_id=24301
13941_f1_ROAR Day - Launch (RIT Alumni) Group 2,10/31/2024 13:16,http://give.rit.edu/roar-day-2024/?a=8621244&utm_source=blackbaud&utm_medium=email&utm_campaign=uadv-roar-day&utm_content=alumni
13941_f1_ROAR Day - Launch (RIT Alumni) Group 4,10/31/2024 17:45,http://give.rit.edu/roar-day-2024/?a=8621244&utm_source=blackbaud&utm_medium=email&utm_campaign=uadv-roar-day&utm_content=alumni
13944_f1_ROAR Day - Launch (RIT Athletics),10/31/2024 13:34,http://give.rit.edu/roar-day-2024/?a=8621245&utm_source=blackbaud&utm_medium=email&utm_campaign=uadv-roar-day&utm_content=ath
13941_f1_ROAR Day - Launch (RIT Alumni),10/31/2024 12:15,http://tigers.rit.edu/site/MessageViewer?em_id=18430.0&dlv_id=24298
13956_f1_ROAR Day - Launch (RIT Parents),10/31/2024 13:39,https://give.rit.edu/roar-day-2024/?a=8621255&utm_source=blackbaud&utm_medium=email&utm_campaign=uadv-roar-day&utm_content=parent
13956_f1_ROAR Day - Launch (RIT Parents),10/31/2024 13:46,https://give.rit.edu/roar-day-2024/?a=8621255&utm_source=blackbaud&utm_medium=email&utm_campaign=uadv-roar-day&utm_content=parent
13956_f1_ROAR Day - Launch (RIT Parents),10/31/2024 13:46,https://give.rit.edu/roar-day-2024/?a=8621255&utm_source=blackbaud&utm_medium=email&utm_campaign=uadv-roar-day&utm_content=parent
13941_f1_ROAR Day - Launch (RIT Alumni) Group 3,10/31/2024 12:47,http://tigers.rit.edu/site/MessageViewer?em_id=18442.0&dlv_id=24300
13938_f1_ROAR Day - Launch (Sentinel Society),10/31/2024 17:55,http://give.rit.edu/roar-day-2024/?a=8900109&utm_source=blackbaud&utm_medium=email&utm_campaign=uadv-roar-day&utm_content=sentinel
13944_f1_ROAR Day - Launch (RIT Athletics),10/31/2024 12:14,http://give.rit.edu/roar-day-2024/?a=8621245&utm_source=blackbaud&utm_medium=email&utm_campaign=uadv-roar-day&utm_content=ath
13941_f1_ROAR Day - Launch (RIT Alumni),10/31/2024 12:15,http://tigers.rit.edu/site/MessageViewer?em_id=18430.0&dlv_id=24298
13956_f1_ROAR Day - Launch (RIT Parents),10/31/2024 12:12,https://give.rit.edu/roar-day-2024/?a=8621255&utm_source=blackbaud&utm_medium=email&utm_campaign=uadv-roar-day&utm_content=parent
13938_f1_ROAR Day - Launch (Sentinel Society),10/31/2024 20:36,http://give.rit.edu/roar-day-2024/?a=8900109&utm_source=blackbaud&utm_medium=email&utm_campaign=uadv-roar-day&utm_content=sentinel
13941_f1_ROAR Day - Launch (RIT Alumni),10/31/2024 12:15,http://tigers.rit.edu/site/MessageViewer?em_id=18430.0&dlv_id=24298
13956_f1_ROAR Day - Launch (RIT Parents),10/31/2024 12:32,https://give.rit.edu/roar-day-2024/?a=8621255&utm_source=blackbaud&utm_medium=email&utm_campaign=uadv-roar-day&utm_content=parent
13956_f1_ROAR Day - Launch (RIT Parents),10/31/2024 12:49,https://give.rit.edu/roar-day-2024/?a=8621255&utm_source=blackbaud&utm_medium=email&utm_campaign=uadv-roar-day&utm_content=parent
13941_f1_ROAR Day - Launch (RIT Alumni),10/31/2024 12:15,http://tigers.rit.edu/site/MessageViewer?em_id=18430.0&dlv_id=24298
13944_f1_ROAR Day - Launch (RIT Athletics),10/31/2024 15:55,http://give.rit.edu/roar-day-2024/?a=8621245&utm_source=blackbaud&utm_medium=email&utm_campaign=uadv-roar-day&utm_content=ath
13941_f1_ROAR Day - Launch (RIT Alumni) Group 2,10/31/2024 12:33,http://tigers.rit.edu/site/MessageViewer?em_id=18441.0&dlv_id=24299
13941_f1_ROAR Day - Launch (RIT Alumni),10/31/2024 12:18,http://tigers.rit.edu/site/MessageViewer?em_id=18430.0&dlv_id=24298
13941_f1_ROAR Day - Launch (RIT Alumni),10/31/2024 12:18,http://tigers.rit.edu/site/MessageViewer?em_id=18430.0&dlv_id=24298
13956_f1_ROAR Day - Launch (RIT Parents),11/1/2024 21:13,https://give.rit.edu/roar-day-2024/?a=8621255&utm_source=blackbaud&utm_medium=email&utm_campaign=uadv-roar-day&utm_content=parent
13953_f1_ROAR Day - Launch (RIT Greeks),10/31/2024 15:26,https://give.rit.edu/campaigns/52069/donations/new?designation=GreekStudentLifeFund&a=8621253&utm_source=blackbaud&utm_medium=email&utm_campaign=uadv-roar-day&utm_content=greek
13956_f1_ROAR Day - Launch (RIT Parents),11/4/2024 21:48,https://give.rit.edu/roar-day-2024/?a=8621255&utm_source=blackbaud&utm_medium=email&utm_campaign=uadv-roar-day&utm_content=parent
13956_f1_ROAR Day - Launch (RIT Parents),10/31/2024 22:04,https://give.rit.edu/roar-day-2024/?a=8621255&utm_source=blackbaud&utm_medium=email&utm_campaign=uadv-roar-day&utm_content=parent
13956_f1_ROAR Day - Launch (RIT Parents),10/31/2024 12:04,http://tigers.rit.edu/site/MessageViewer?em_id=18428.0&dlv_id=24296
13941_f1_ROAR Day - Launch (RIT Alumni),10/31/2024 12:15,http://tigers.rit.edu/site/MessageViewer?em_id=18430.0&dlv_id=24298
13941_f1_ROAR Day - Launch (RIT Alumni) Group 4,11/1/2024 0:10,http://give.rit.edu/roar-day-2024/?a=8621244&utm_source=blackbaud&utm_medium=email&utm_campaign=uadv-roar-day&utm_content=alumni
13956_f1_ROAR Day - Launch (RIT Parents),10/31/2024 12:28,https://give.rit.edu/roar-day-2024/?a=8621255&utm_source=blackbaud&utm_medium=email&utm_campaign=uadv-roar-day&utm_content=parent
13944_f1_ROAR Day - Launch (RIT Athletics),10/31/2024 19:53,http://give.rit.edu/roar-day-2024/?a=8621245&utm_source=blackbaud&utm_medium=email&utm_campaign=uadv-roar-day&utm_content=ath
13944_f1_ROAR Day - Launch (RIT Athletics),10/31/2024 19:33,http://give.rit.edu/roar-day-2024/?a=8621245&utm_source=blackbaud&utm_medium=email&utm_campaign=uadv-roar-day&utm_content=ath
13941_f1_ROAR Day - Launch (RIT Alumni),10/31/2024 14:37,http://give.rit.edu/roar-day-2024/?a=8621244&utm_source=blackbaud&utm_medium=email&utm_campaign=uadv-roar-day&utm_content=alumni
13941_f1_ROAR Day - Launch (RIT Alumni),10/31/2024 18:34,http://give.rit.edu/roar-day-2024/?a=8621244&utm_source=blackbaud&utm_medium=email&utm_campaign=uadv-roar-day&utm_content=alumni
13944_f1_ROAR Day - Launch (RIT Athletics),10/31/2024 19:43,http://give.rit.edu/roar-day-2024/?a=8621245&utm_source=blackbaud&utm_medium=email&utm_campaign=uadv-roar-day&utm_content=ath
13941_f1_ROAR Day - Launch (RIT Alumni) Group 4,10/31/2024 13:01,http://tigers.rit.edu/site/MessageViewer?em_id=18443.0&dlv_id=24301
13941_f1_ROAR Day - Launch (RIT Alumni) Group 4,10/31/2024 13:01,http://give.rit.edu/roar-day-2024/?a=8621244&utm_source=blackbaud&utm_medium=email&utm_campaign=uadv-roar-day&utm_content=alumni
13941_f1_ROAR Day - Launch (RIT Alumni) Group 4,10/31/2024 13:01,https://give.rit.edu/pages/roar-day-social-media-toolkit?utm_source=blackbaud&utm_medium=email&utm_campaign=uadv-roar-day&utm_content=alumni
13944_f1_ROAR Day - Launch (RIT Athletics),10/31/2024 19:55,http://give.rit.edu/roar-day-2024/?a=8621245&utm_source=blackbaud&utm_medium=email&utm_campaign=uadv-roar-day&utm_content=ath
13944_f1_ROAR Day - Launch (RIT Athletics),10/31/2024 12:01,http://tigers.rit.edu/site/MessageViewer?em_id=18426.0&dlv_id=24294
13938_f1_ROAR Day - Launch (Sentinel Society),2/12/2025 0:17,http://tigers.rit.edu/site/MessageViewer?em_id=18425.0&dlv_id=24293
13941_f1_ROAR Day - Launch (RIT Alumni),10/31/2024 12:25,https://www.linkedin.com/groups/72797/
13956_f1_ROAR Day - Launch (RIT Parents),11/1/2024 3:09,https://give.rit.edu/roar-day-2024/?a=8621255&utm_source=blackbaud&utm_medium=email&utm_campaign=uadv-roar-day&utm_content=parent
13956_f1_ROAR Day - Launch (RIT Parents),10/31/2024 14:34,https://give.rit.edu/roar-day-2024/?a=8621255&utm_source=blackbaud&utm_medium=email&utm_campaign=uadv-roar-day&utm_content=parent
13944_f1_ROAR Day - Launch (RIT Athletics),11/1/2024 7:22,http://give.rit.edu/roar-day-2024/?a=8621245&utm_source=blackbaud&utm_medium=email&utm_campaign=uadv-roar-day&utm_content=ath
13941_f1_ROAR Day - Launch (RIT Alumni) Group 4,10/31/2024 19:25,http://give.rit.edu/roar-day-2024/?a=8621244&utm_source=blackbaud&utm_medium=email&utm_campaign=uadv-roar-day&utm_content=alumni
13941_f1_ROAR Day - Launch (RIT Alumni) Group 2,10/31/2024 12:31,http://tigers.rit.edu/site/MessageViewer?em_id=18441.0&dlv_id=24299
13941_f1_ROAR Day - Launch (RIT Alumni) Group 3,10/31/2024 12:46,http://tigers.rit.edu/site/MessageViewer?em_id=18442.0&dlv_id=24300
13941_f1_ROAR Day - Launch (RIT Alumni) Group 2,10/31/2024 12:31,http://tigers.rit.edu/site/MessageViewer?em_id=18441.0&dlv_id=24299
13941_f1_ROAR Day - Launch (RIT Alumni) Group 2,10/31/2024 12:31,http://tigers.rit.edu/site/MessageViewer?em_id=18441.0&dlv_id=24299
13953_f1_ROAR Day - Launch (RIT Greeks),10/31/2024 12:13,https://give.rit.edu/campaigns/52069/donations/new?designation=GreekStudentLifeFund&a=8621253&utm_source=blackbaud&utm_medium=email&utm_campaign=uadv-roar-day&utm_content=greek
13956_f1_ROAR Day - Launch (RIT Parents),10/31/2024 14:46,https://give.rit.edu/roar-day-2024/?a=8621255&utm_source=blackbaud&utm_medium=email&utm_campaign=uadv-roar-day&utm_content=parent
13956_f1_ROAR Day - Launch (RIT Parents),10/31/2024 14:43,https://give.rit.edu/roar-day-2024/?a=8621255&utm_source=blackbaud&utm_medium=email&utm_campaign=uadv-roar-day&utm_content=parent
13941_f1_ROAR Day - Launch (RIT Alumni) Group 2,10/31/2024 12:33,http://tigers.rit.edu/site/MessageViewer?em_id=18441.0&dlv_id=24299
13956_f1_ROAR Day - Launch (RIT Parents),10/31/2024 12:01,http://tigers.rit.edu/site/MessageViewer?em_id=18428.0&dlv_id=24296
13956_f1_ROAR Day - Launch (RIT Parents),10/31/2024 12:01,http://tigers.rit.edu/site/MessageViewer?em_id=18428.0&dlv_id=24296
13941_f1_ROAR Day - Launch (RIT Alumni),10/31/2024 12:45,http://give.rit.edu/roar-day-2024/?a=8621244&utm_source=blackbaud&utm_medium=email&utm_campaign=uadv-roar-day&utm_content=alumni
13956_f1_ROAR Day - Launch (RIT Parents),10/31/2024 18:53,https://give.rit.edu/roar-day-2024/?a=8621255&utm_source=blackbaud&utm_medium=email&utm_campaign=uadv-roar-day&utm_content=parent
13956_f1_ROAR Day - Launch (RIT Parents),10/31/2024 18:43,https://give.rit.edu/roar-day-2024/?a=8621255&utm_source=blackbaud&utm_medium=email&utm_campaign=uadv-roar-day&utm_content=parent
13956_f1_ROAR Day - Launch (RIT Parents),10/31/2024 14:54,https://give.rit.edu/roar-day-2024/?a=8621255&utm_source=blackbaud&utm_medium=email&utm_campaign=uadv-roar-day&utm_content=parent
13941_f1_ROAR Day - Launch (RIT Alumni) Group 2,10/31/2024 12:34,http://tigers.rit.edu/site/MessageViewer?em_id=18441.0&dlv_id=24299
13944_f1_ROAR Day - Launch (RIT Athletics),11/1/2024 10:53,https://www.rit.edu/alumni/update?utm_source=email&utm_medium=blackbaud&utm_campaign=uadv-uyi&utm_content=adv-footer
13944_f1_ROAR Day - Launch (RIT Athletics),10/31/2024 12:38,http://give.rit.edu/roar-day-2024/?a=8621245&utm_source=blackbaud&utm_medium=email&utm_campaign=uadv-roar-day&utm_content=ath
13941_f1_ROAR Day - Launch (RIT Alumni) Group 3,10/31/2024 12:50,https://give.rit.edu/pages/roar-day-social-media-toolkit?utm_source=blackbaud&utm_medium=email&utm_campaign=uadv-roar-day&utm_content=alumni
13941_f1_ROAR Day - Launch (RIT Alumni) Group 3,10/31/2024 12:49,http://tigers.rit.edu/site/MessageViewer?em_id=18442.0&dlv_id=24300
13941_f1_ROAR Day - Launch (RIT Alumni) Group 3,10/31/2024 12:51,http://give.rit.edu/roar-day-2024/?a=8621244&utm_source=blackbaud&utm_medium=email&utm_campaign=uadv-roar-day&utm_content=alumni
13941_f1_ROAR Day - Launch (RIT Alumni),10/31/2024 22:36,http://give.rit.edu/roar-day-2024/?a=8621244&utm_source=blackbaud&utm_medium=email&utm_campaign=uadv-roar-day&utm_content=alumni
13956_f1_ROAR Day - Launch (RIT Parents),10/31/2024 12:01,http://tigers.rit.edu/site/MessageViewer?em_id=18428.0&dlv_id=24296
13941_f1_ROAR Day - Launch (RIT Alumni) Group 4,10/31/2024 13:03,http://give.rit.edu/roar-day-2024/?a=8621244&utm_source=blackbaud&utm_medium=email&utm_campaign=uadv-roar-day&utm_content=alumni
13941_f1_ROAR Day - Launch (RIT Alumni) Group 4,10/31/2024 13:03,http://tigers.rit.edu/site/MessageViewer?em_id=18443.0&dlv_id=24301
13944_f1_ROAR Day - Launch (RIT Athletics),10/31/2024 19:43,http://give.rit.edu/roar-day-2024/?a=8621245&utm_source=blackbaud&utm_medium=email&utm_campaign=uadv-roar-day&utm_content=ath
13944_f1_ROAR Day - Launch (RIT Athletics),10/31/2024 12:08,http://give.rit.edu/roar-day-2024/?a=8621245&utm_source=blackbaud&utm_medium=email&utm_campaign=uadv-roar-day&utm_content=ath
13941_f1_ROAR Day - Launch (RIT Alumni) Group 2,10/31/2024 12:31,http://tigers.rit.edu/site/MessageViewer?em_id=18441.0&dlv_id=24299
13941_f1_ROAR Day - Launch (RIT Alumni),10/31/2024 12:28,http://give.rit.edu/roar-day-2024/?a=8621244&utm_source=blackbaud&utm_medium=email&utm_campaign=uadv-roar-day&utm_content=alumni
13941_f1_ROAR Day - Launch (RIT Alumni),10/31/2024 12:18,http://give.rit.edu/roar-day-2024/?a=8621244&utm_source=blackbaud&utm_medium=email&utm_campaign=uadv-roar-day&utm_content=alumni
13941_f1_ROAR Day - Launch (RIT Alumni) Group 2,10/31/2024 12:34,https://www.rit.edu/
13956_f1_ROAR Day - Launch (RIT Parents),10/31/2024 12:05,https://give.rit.edu/roar-day-2024/?a=8621255&utm_source=blackbaud&utm_medium=email&utm_campaign=uadv-roar-day&utm_content=parent
13953_f1_ROAR Day - Launch (RIT Greeks),10/31/2024 13:41,https://give.rit.edu/campaigns/52069/donations/new?designation=GreekStudentLifeFund&a=8621253&utm_source=blackbaud&utm_medium=email&utm_campaign=uadv-roar-day&utm_content=greek
13941_f1_ROAR Day - Launch (RIT Alumni) Group 2,10/31/2024 12:33,http://tigers.rit.edu/site/MessageViewer?em_id=18441.0&dlv_id=24299
13941_f1_ROAR Day - Launch (RIT Alumni),10/31/2024 12:15,http://tigers.rit.edu/site/MessageViewer?em_id=18430.0&dlv_id=24298
13944_f1_ROAR Day - Launch (RIT Athletics),10/31/2024 15:13,http://give.rit.edu/roar-day-2024/?a=8621245&utm_source=blackbaud&utm_medium=email&utm_campaign=uadv-roar-day&utm_content=ath
13941_f1_ROAR Day - Launch (RIT Alumni),10/31/2024 12:49,http://give.rit.edu/roar-day-2024/?a=8621244&utm_source=blackbaud&utm_medium=email&utm_campaign=uadv-roar-day&utm_content=alumni
13941_f1_ROAR Day - Launch (RIT Alumni) Group 4,10/31/2024 13:06,http://give.rit.edu/roar-day-2024/?a=8621244&utm_source=blackbaud&utm_medium=email&utm_campaign=uadv-roar-day&utm_content=alumni
13941_f1_ROAR Day - Launch (RIT Alumni),10/31/2024 12:38,http://give.rit.edu/roar-day-2024/?a=8621244&utm_source=blackbaud&utm_medium=email&utm_campaign=uadv-roar-day&utm_content=alumni
13944_f1_ROAR Day - Launch (RIT Athletics),10/31/2024 13:45,http://give.rit.edu/roar-day-2024/?a=8621245&utm_source=blackbaud&utm_medium=email&utm_campaign=uadv-roar-day&utm_content=ath
13944_f1_ROAR Day - Launch (RIT Athletics),10/31/2024 13:45,http://give.rit.edu/roar-day-2024/?a=8621245&utm_source=blackbaud&utm_medium=email&utm_campaign=uadv-roar-day&utm_content=ath
13956_f1_ROAR Day - Launch (RIT Parents),10/31/2024 12:49,https://give.rit.edu/roar-day-2024/?a=8621255&utm_source=blackbaud&utm_medium=email&utm_campaign=uadv-roar-day&utm_content=parent
13941_f1_ROAR Day - Launch (RIT Alumni),10/31/2024 13:37,http://give.rit.edu/roar-day-2024/?a=8621244&utm_source=blackbaud&utm_medium=email&utm_campaign=uadv-roar-day&utm_content=alumni
13944_f1_ROAR Day - Launch (RIT Athletics),10/31/2024 12:45,http://tigers.rit.edu/site/MessageViewer?em_id=18426.0&dlv_id=24294
13956_f1_ROAR Day - Launch (RIT Parents),10/31/2024 12:19,https://give.rit.edu/roar-day-2024/?a=8621255&utm_source=blackbaud&utm_medium=email&utm_campaign=uadv-roar-day&utm_content=parent
13956_f1_ROAR Day - Launch (RIT Parents),10/31/2024 12:02,https://give.rit.edu/roar-day-2024/?a=8621255&utm_source=blackbaud&utm_medium=email&utm_campaign=uadv-roar-day&utm_content=parent
13956_f1_ROAR Day - Launch (RIT Parents),11/2/2024 11:05,https://give.rit.edu/roar-day-2024/?a=8621255&utm_source=blackbaud&utm_medium=email&utm_campaign=uadv-roar-day&utm_content=parent
13941_f1_ROAR Day - Launch (RIT Alumni) Group 4,10/31/2024 13:50,http://give.rit.edu/roar-day-2024/?a=8621244&utm_source=blackbaud&utm_medium=email&utm_campaign=uadv-roar-day&utm_content=alumni
13941_f1_ROAR Day - Launch (RIT Alumni),10/31/2024 12:29,http://give.rit.edu/roar-day-2024/?a=8621244&utm_source=blackbaud&utm_medium=email&utm_campaign=uadv-roar-day&utm_content=alumni
13941_f1_ROAR Day - Launch (RIT Alumni),10/31/2024 12:29,http://give.rit.edu/roar-day-2024/?a=8621244&utm_source=blackbaud&utm_medium=email&utm_campaign=uadv-roar-day&utm_content=alumni
13941_f1_ROAR Day - Launch (RIT Alumni) Group 4,10/31/2024 20:24,http://give.rit.edu/roar-day-2024/?a=8621244&utm_source=blackbaud&utm_medium=email&utm_campaign=uadv-roar-day&utm_content=alumni
13941_f1_ROAR Day - Launch (RIT Alumni),10/31/2024 13:08,http://give.rit.edu/roar-day-2024/?a=8621244&utm_source=blackbaud&utm_medium=email&utm_campaign=uadv-roar-day&utm_content=alumni
13944_f1_ROAR Day - Launch (RIT Athletics),10/31/2024 12:54,http://give.rit.edu/roar-day-2024/?a=8621245&utm_source=blackbaud&utm_medium=email&utm_campaign=uadv-roar-day&utm_content=ath
13944_f1_ROAR Day - Launch (RIT Athletics),10/31/2024 13:06,http://give.rit.edu/roar-day-2024/?a=8621245&utm_source=blackbaud&utm_medium=email&utm_campaign=uadv-roar-day&utm_content=ath
13941_f1_ROAR Day - Launch (RIT Alumni),10/31/2024 12:46,http://give.rit.edu/roar-day-2024/?a=8621244&utm_source=blackbaud&utm_medium=email&utm_campaign=uadv-roar-day&utm_content=alumni
13941_f1_ROAR Day - Launch (RIT Alumni) Group 3,10/31/2024 12:46,http://tigers.rit.edu/site/MessageViewer?em_id=18442.0&dlv_id=24300
13941_f1_ROAR Day - Launch (RIT Alumni) Group 2,10/31/2024 12:31,http://tigers.rit.edu/site/MessageViewer?em_id=18441.0&dlv_id=24299
13941_f1_ROAR Day - Launch (RIT Alumni) Group 4,10/31/2024 14:29,http://give.rit.edu/roar-day-2024/?a=8621244&utm_source=blackbaud&utm_medium=email&utm_campaign=uadv-roar-day&utm_content=alumni
13956_f1_ROAR Day - Launch (RIT Parents),10/31/2024 16:14,https://give.rit.edu/roar-day-2024/?a=8621255&utm_source=blackbaud&utm_medium=email&utm_campaign=uadv-roar-day&utm_content=parent
13944_f1_ROAR Day - Launch (RIT Athletics),10/31/2024 12:14,http://give.rit.edu/roar-day-2024/?a=8621245&utm_source=blackbaud&utm_medium=email&utm_campaign=uadv-roar-day&utm_content=ath
13941_f1_ROAR Day - Launch (RIT Alumni),10/31/2024 12:31,http://give.rit.edu/roar-day-2024/?a=8621244&utm_source=blackbaud&utm_medium=email&utm_campaign=uadv-roar-day&utm_content=alumni
13941_f1_ROAR Day - Launch (RIT Alumni) Group 3,10/31/2024 13:53,http://give.rit.edu/roar-day-2024/?a=8621244&utm_source=blackbaud&utm_medium=email&utm_campaign=uadv-roar-day&utm_content=alumni
13941_f1_ROAR Day - Launch (RIT Alumni),10/31/2024 13:21,http://give.rit.edu/roar-day-2024/?a=8621244&utm_source=blackbaud&utm_medium=email&utm_campaign=uadv-roar-day&utm_content=alumni
13938_f1_ROAR Day - Launch (Sentinel Society),10/31/2024 13:18,https://give.rit.edu/pages/roar-day-social-media-toolkit?utm_source=blackbaud&utm_medium=email&utm_campaign=uadv-roar-day&utm_content=sentinel
13938_f1_ROAR Day - Launch (Sentinel Society),11/1/2024 9:08,https://give.rit.edu/pages/roar-day-social-media-toolkit?utm_source=blackbaud&utm_medium=email&utm_campaign=uadv-roar-day&utm_content=sentinel
13938_f1_ROAR Day - Launch (Sentinel Society),10/31/2024 13:01,http://give.rit.edu/roar-day-2024/?a=8900109&utm_source=blackbaud&utm_medium=email&utm_campaign=uadv-roar-day&utm_content=sentinel
13938_f1_ROAR Day - Launch (Sentinel Society),10/31/2024 14:09,http://give.rit.edu/roar-day-2024/?a=8900109&utm_source=blackbaud&utm_medium=email&utm_campaign=uadv-roar-day&utm_content=sentinel
13941_f1_ROAR Day - Launch (RIT Alumni),10/31/2024 19:33,http://give.rit.edu/roar-day-2024/?a=8621244&utm_source=blackbaud&utm_medium=email&utm_campaign=uadv-roar-day&utm_content=alumni
13941_f1_ROAR Day - Launch (RIT Alumni),10/31/2024 19:33,http://tigers.rit.edu/site/MessageViewer?em_id=18430.0&dlv_id=24298
13941_f1_ROAR Day - Launch (RIT Alumni),11/1/2024 13:31,http://give.rit.edu/roar-day-2024/?a=8621244&utm_source=blackbaud&utm_medium=email&utm_campaign=uadv-roar-day&utm_content=alumni
13941_f1_ROAR Day - Launch (RIT Alumni),10/31/2024 12:29,http://give.rit.edu/roar-day-2024/?a=8621244&utm_source=blackbaud&utm_medium=email&utm_campaign=uadv-roar-day&utm_content=alumni
13941_f1_ROAR Day - Launch (RIT Alumni) Group 3,10/31/2024 16:05,http://give.rit.edu/roar-day-2024/?a=8621244&utm_source=blackbaud&utm_medium=email&utm_campaign=uadv-roar-day&utm_content=alumni
13941_f1_ROAR Day - Launch (RIT Alumni),10/31/2024 12:55,http://give.rit.edu/roar-day-2024/?a=8621244&utm_source=blackbaud&utm_medium=email&utm_campaign=uadv-roar-day&utm_content=alumni
13941_f1_ROAR Day - Launch (RIT Alumni),10/31/2024 12:15,http://tigers.rit.edu/site/MessageViewer?em_id=18430.0&dlv_id=24298
13956_f1_ROAR Day - Launch (RIT Parents),10/31/2024 12:14,https://give.rit.edu/roar-day-2024/?a=8621255&utm_source=blackbaud&utm_medium=email&utm_campaign=uadv-roar-day&utm_content=parent
13944_f1_ROAR Day - Launch (RIT Athletics),11/1/2024 0:37,http://give.rit.edu/roar-day-2024/?a=8621245&utm_source=blackbaud&utm_medium=email&utm_campaign=uadv-roar-day&utm_content=ath
13941_f1_ROAR Day - Launch (RIT Alumni) Group 3,10/31/2024 12:46,http://tigers.rit.edu/site/MessageViewer?em_id=18442.0&dlv_id=24300
13938_f1_ROAR Day - Launch (Sentinel Society),10/31/2024 12:16,http://give.rit.edu/roar-day-2024/?a=8900109&utm_source=blackbaud&utm_medium=email&utm_campaign=uadv-roar-day&utm_content=sentinel
13941_f1_ROAR Day - Launch (RIT Alumni) Group 4,10/31/2024 13:01,http://tigers.rit.edu/site/MessageViewer?em_id=18443.0&dlv_id=24301
13941_f1_ROAR Day - Launch (RIT Alumni),10/31/2024 21:56,http://give.rit.edu/roar-day-2024/?a=8621244&utm_source=blackbaud&utm_medium=email&utm_campaign=uadv-roar-day&utm_content=alumni
13941_f1_ROAR Day - Launch (RIT Alumni) Group 4,10/31/2024 13:01,http://tigers.rit.edu/site/MessageViewer?em_id=18443.0&dlv_id=24301
13941_f1_ROAR Day - Launch (RIT Alumni),10/31/2024 13:03,http://give.rit.edu/roar-day-2024/?a=8621244&utm_source=blackbaud&utm_medium=email&utm_campaign=uadv-roar-day&utm_content=alumni
13941_f1_ROAR Day - Launch (RIT Alumni),10/31/2024 16:06,http://give.rit.edu/roar-day-2024/?a=8621244&utm_source=blackbaud&utm_medium=email&utm_campaign=uadv-roar-day&utm_content=alumni
13956_f1_ROAR Day - Launch (RIT Parents),10/31/2024 14:10,https://give.rit.edu/roar-day-2024/?a=8621255&utm_source=blackbaud&utm_medium=email&utm_campaign=uadv-roar-day&utm_content=parent
13941_f1_ROAR Day - Launch (RIT Alumni),10/31/2024 12:15,http://tigers.rit.edu/site/MessageViewer?em_id=18430.0&dlv_id=24298
13956_f1_ROAR Day - Launch (RIT Parents),10/31/2024 12:44,https://give.rit.edu/roar-day-2024/?a=8621255&utm_source=blackbaud&utm_medium=email&utm_campaign=uadv-roar-day&utm_content=parent
13956_f1_ROAR Day - Launch (RIT Parents),10/31/2024 19:08,https://give.rit.edu/roar-day-2024/?a=8621255&utm_source=blackbaud&utm_medium=email&utm_campaign=uadv-roar-day&utm_content=parent
13941_f1_ROAR Day - Launch (RIT Alumni) Group 2,10/31/2024 12:31,http://tigers.rit.edu/site/MessageViewer?em_id=18441.0&dlv_id=24299
13956_f1_ROAR Day - Launch (RIT Parents),10/31/2024 12:04,https://give.rit.edu/roar-day-2024/?a=8621255&utm_source=blackbaud&utm_medium=email&utm_campaign=uadv-roar-day&utm_content=parent
13941_f1_ROAR Day - Launch (RIT Alumni) Group 4,10/31/2024 13:39,http://give.rit.edu/roar-day-2024/?a=8621244&utm_source=blackbaud&utm_medium=email&utm_campaign=uadv-roar-day&utm_content=alumni
13941_f1_ROAR Day - Launch (RIT Alumni),10/31/2024 15:33,http://give.rit.edu/roar-day-2024/?a=8621244&utm_source=blackbaud&utm_medium=email&utm_campaign=uadv-roar-day&utm_content=alumni
13941_f1_ROAR Day - Launch (RIT Alumni) Group 4,10/31/2024 13:01,http://tigers.rit.edu/site/MessageViewer?em_id=18443.0&dlv_id=24301
13956_f1_ROAR Day - Launch (RIT Parents),10/31/2024 21:53,https://give.rit.edu/roar-day-2024/?a=8621255&utm_source=blackbaud&utm_medium=email&utm_campaign=uadv-roar-day&utm_content=parent
13956_f1_ROAR Day - Launch (RIT Parents),10/31/2024 21:56,https://give.rit.edu/roar-day-2024/?a=8621255&utm_source=blackbaud&utm_medium=email&utm_campaign=uadv-roar-day&utm_content=parent
13953_f1_ROAR Day - Launch (RIT Greeks),10/31/2024 13:05,https://give.rit.edu/campaigns/52069/donations/new?designation=GreekStudentLifeFund&a=8621253&utm_source=blackbaud&utm_medium=email&utm_campaign=uadv-roar-day&utm_content=greek
13938_f1_ROAR Day - Launch (Sentinel Society),10/31/2024 13:11,http://give.rit.edu/roar-day-2024/?a=8900109&utm_source=blackbaud&utm_medium=email&utm_campaign=uadv-roar-day&utm_content=sentinel
13941_f1_ROAR Day - Launch (RIT Alumni) Group 3,10/31/2024 12:46,http://tigers.rit.edu/site/MessageViewer?em_id=18442.0&dlv_id=24300
13956_f1_ROAR Day - Launch (RIT Parents),10/31/2024 13:24,https://give.rit.edu/roar-day-2024/?a=8621255&utm_source=blackbaud&utm_medium=email&utm_campaign=uadv-roar-day&utm_content=parent
13956_f1_ROAR Day - Launch (RIT Parents),10/31/2024 13:14,https://give.rit.edu/roar-day-2024/?a=8621255&utm_source=blackbaud&utm_medium=email&utm_campaign=uadv-roar-day&utm_content=parent
13941_f1_ROAR Day - Launch (RIT Alumni) Group 4,10/31/2024 13:15,http://give.rit.edu/roar-day-2024/?a=8621244&utm_source=blackbaud&utm_medium=email&utm_campaign=uadv-roar-day&utm_content=alumni
13944_f1_ROAR Day - Launch (RIT Athletics),10/31/2024 12:13,http://give.rit.edu/roar-day-2024/?a=8621245&utm_source=blackbaud&utm_medium=email&utm_campaign=uadv-roar-day&utm_content=ath
13944_f1_ROAR Day - Launch (RIT Athletics),10/31/2024 16:25,http://give.rit.edu/roar-day-2024/?a=8621245&utm_source=blackbaud&utm_medium=email&utm_campaign=uadv-roar-day&utm_content=ath
13941_f1_ROAR Day - Launch (RIT Alumni) Group 3,10/31/2024 12:54,https://www.rit.edu/
13941_f1_ROAR Day - Launch (RIT Alumni) Group 4,10/31/2024 13:24,http://give.rit.edu/roar-day-2024/?a=8621244&utm_source=blackbaud&utm_medium=email&utm_campaign=uadv-roar-day&utm_content=alumni
13944_f1_ROAR Day - Launch (RIT Athletics),10/31/2024 14:36,http://give.rit.edu/roar-day-2024/?a=8621245&utm_source=blackbaud&utm_medium=email&utm_campaign=uadv-roar-day&utm_content=ath
13941_f1_ROAR Day - Launch (RIT Alumni) Group 4,10/31/2024 13:35,http://give.rit.edu/roar-day-2024/?a=8621244&utm_source=blackbaud&utm_medium=email&utm_campaign=uadv-roar-day&utm_content=alumni
13941_f1_ROAR Day - Launch (RIT Alumni),10/31/2024 16:36,http://give.rit.edu/roar-day-2024/?a=8621244&utm_source=blackbaud&utm_medium=email&utm_campaign=uadv-roar-day&utm_content=alumni
13941_f1_ROAR Day - Launch (RIT Alumni) Group 4,10/31/2024 13:10,http://give.rit.edu/roar-day-2024/?a=8621244&utm_source=blackbaud&utm_medium=email&utm_campaign=uadv-roar-day&utm_content=alumni
13938_f1_ROAR Day - Launch (Sentinel Society),10/31/2024 12:01,http://tigers.rit.edu/site/MessageViewer?em_id=18425.0&dlv_id=24293
13941_f1_ROAR Day - Launch (RIT Alumni),10/31/2024 18:13,http://give.rit.edu/roar-day-2024/?a=8621244&utm_source=blackbaud&utm_medium=email&utm_campaign=uadv-roar-day&utm_content=alumni
13956_f1_ROAR Day - Launch (RIT Parents),10/31/2024 12:20,https://give.rit.edu/roar-day-2024/?a=8621255&utm_source=blackbaud&utm_medium=email&utm_campaign=uadv-roar-day&utm_content=parent
13941_f1_ROAR Day - Launch (RIT Alumni) Group 4,10/31/2024 14:54,http://tigers.rit.edu/site/MessageViewer?em_id=18443.0&dlv_id=24301
13941_f1_ROAR Day - Launch (RIT Alumni),11/1/2024 6:25,http://give.rit.edu/roar-day-2024/?a=8621244&utm_source=blackbaud&utm_medium=email&utm_campaign=uadv-roar-day&utm_content=alumni
13941_f1_ROAR Day - Launch (RIT Alumni),10/31/2024 12:29,http://give.rit.edu/roar-day-2024/?a=8621244&utm_source=blackbaud&utm_medium=email&utm_campaign=uadv-roar-day&utm_content=alumni
13941_f1_ROAR Day - Launch (RIT Alumni),10/31/2024 12:16,http://tigers.rit.edu/site/MessageViewer?em_id=18430.0&dlv_id=24298
13941_f1_ROAR Day - Launch (RIT Alumni) Group 3,10/31/2024 12:47,http://tigers.rit.edu/site/MessageViewer?em_id=18442.0&dlv_id=24300
13941_f1_ROAR Day - Launch (RIT Alumni) Group 4,10/31/2024 20:26,http://give.rit.edu/roar-day-2024/?a=8621244&utm_source=blackbaud&utm_medium=email&utm_campaign=uadv-roar-day&utm_content=alumni
13956_f1_ROAR Day - Launch (RIT Parents),10/31/2024 12:20,https://give.rit.edu/roar-day-2024/?a=8621255&utm_source=blackbaud&utm_medium=email&utm_campaign=uadv-roar-day&utm_content=parent
13941_f1_ROAR Day - Launch (RIT Alumni),10/31/2024 16:16,http://give.rit.edu/roar-day-2024/?a=8621244&utm_source=blackbaud&utm_medium=email&utm_campaign=uadv-roar-day&utm_content=alumni
13956_f1_ROAR Day - Launch (RIT Parents),10/31/2024 14:11,https://give.rit.edu/roar-day-2024/?a=8621255&utm_source=blackbaud&utm_medium=email&utm_campaign=uadv-roar-day&utm_content=parent
13941_f1_ROAR Day - Launch (RIT Alumni),10/31/2024 17:32,http://give.rit.edu/roar-day-2024/?a=8621244&utm_source=blackbaud&utm_medium=email&utm_campaign=uadv-roar-day&utm_content=alumni
13941_f1_ROAR Day - Launch (RIT Alumni) Group 4,10/31/2024 16:56,http://give.rit.edu/roar-day-2024/?a=8621244&utm_source=blackbaud&utm_medium=email&utm_campaign=uadv-roar-day&utm_content=alumni
13941_f1_ROAR Day - Launch (RIT Alumni) Group 4,10/31/2024 16:26,https://www.rit.edu/alumni/update?utm_source=email&utm_medium=blackbaud&utm_campaign=uadv-uyi&utm_content=adv-footer
13944_f1_ROAR Day - Launch (RIT Athletics),10/31/2024 12:01,http://tigers.rit.edu/site/MessageViewer?em_id=18426.0&dlv_id=24294
13941_f1_ROAR Day - Launch (RIT Alumni) Group 4,10/31/2024 13:15,http://give.rit.edu/roar-day-2024/?a=8621244&utm_source=blackbaud&utm_medium=email&utm_campaign=uadv-roar-day&utm_content=alumni
13941_f1_ROAR Day - Launch (RIT Alumni),11/3/2024 13:56,https://www.rit.edu/alumni/update?utm_source=email&utm_medium=blackbaud&utm_campaign=uadv-uyi&utm_content=adv-footer
13944_f1_ROAR Day - Launch (RIT Athletics),10/31/2024 13:14,http://give.rit.edu/roar-day-2024/?a=8621245&utm_source=blackbaud&utm_medium=email&utm_campaign=uadv-roar-day&utm_content=ath
13944_f1_ROAR Day - Launch (RIT Athletics),10/31/2024 20:14,http://tigers.rit.edu/site/MessageViewer?em_id=18426.0&dlv_id=24294
13941_f1_ROAR Day - Launch (RIT Alumni),11/1/2024 7:47,http://give.rit.edu/roar-day-2024/?a=8621244&utm_source=blackbaud&utm_medium=email&utm_campaign=uadv-roar-day&utm_content=alumni
13956_f1_ROAR Day - Launch (RIT Parents),10/31/2024 13:38,https://give.rit.edu/roar-day-2024/?a=8621255&utm_source=blackbaud&utm_medium=email&utm_campaign=uadv-roar-day&utm_content=parent
13956_f1_ROAR Day - Launch (RIT Parents),10/31/2024 12:02,http://tigers.rit.edu/site/MessageViewer?em_id=18428.0&dlv_id=24296
13938_f1_ROAR Day - Launch (Sentinel Society),10/31/2024 12:01,http://tigers.rit.edu/site/MessageViewer?em_id=18425.0&dlv_id=24293
13956_f1_ROAR Day - Launch (RIT Parents),10/31/2024 12:01,http://tigers.rit.edu/site/MessageViewer?em_id=18428.0&dlv_id=24296
13941_f1_ROAR Day - Launch (RIT Alumni),10/31/2024 14:09,http://give.rit.edu/roar-day-2024/?a=8621244&utm_source=blackbaud&utm_medium=email&utm_campaign=uadv-roar-day&utm_content=alumni
13956_f1_ROAR Day - Launch (RIT Parents),11/1/2024 8:36,https://give.rit.edu/roar-day-2024/?a=8621255&utm_source=blackbaud&utm_medium=email&utm_campaign=uadv-roar-day&utm_content=parent
13956_f1_ROAR Day - Launch (RIT Parents),10/31/2024 13:11,https://www.facebook.com/RIThealthsci
13956_f1_ROAR Day - Launch (RIT Parents),10/31/2024 13:45,https://give.rit.edu/roar-day-2024/?a=8621255&utm_source=blackbaud&utm_medium=email&utm_campaign=uadv-roar-day&utm_content=parent
13944_f1_ROAR Day - Launch (RIT Athletics),10/31/2024 12:04,http://tigers.rit.edu/site/MessageViewer?em_id=18426.0&dlv_id=24294
13944_f1_ROAR Day - Launch (RIT Athletics),10/31/2024 22:47,http://give.rit.edu/roar-day-2024/?a=8621245&utm_source=blackbaud&utm_medium=email&utm_campaign=uadv-roar-day&utm_content=ath
13938_f1_ROAR Day - Launch (Sentinel Society),10/31/2024 12:37,http://give.rit.edu/roar-day-2024/?a=8900109&utm_source=blackbaud&utm_medium=email&utm_campaign=uadv-roar-day&utm_content=sentinel
13941_f1_ROAR Day - Launch (RIT Alumni),10/31/2024 12:15,http://tigers.rit.edu/site/MessageViewer?em_id=18430.0&dlv_id=24298
13956_f1_ROAR Day - Launch (RIT Parents),10/31/2024 16:24,https://give.rit.edu/roar-day-2024/?a=8621255&utm_source=blackbaud&utm_medium=email&utm_campaign=uadv-roar-day&utm_content=parent
13956_f1_ROAR Day - Launch (RIT Parents),10/31/2024 13:34,https://give.rit.edu/roar-day-2024/?a=8621255&utm_source=blackbaud&utm_medium=email&utm_campaign=uadv-roar-day&utm_content=parent
13941_f1_ROAR Day - Launch (RIT Alumni) Group 2,10/31/2024 15:33,http://tigers.rit.edu/site/MessageViewer?em_id=18441.0&dlv_id=24299
13956_f1_ROAR Day - Launch (RIT Parents),10/31/2024 16:05,https://give.rit.edu/roar-day-2024/?a=8621255&utm_source=blackbaud&utm_medium=email&utm_campaign=uadv-roar-day&utm_content=parent
13956_f1_ROAR Day - Launch (RIT Parents),10/31/2024 16:06,http://tigers.rit.edu/site/MessageViewer?em_id=18428.0&dlv_id=24296
13941_f1_ROAR Day - Launch (RIT Alumni),11/1/2024 11:33,http://give.rit.edu/roar-day-2024/?a=8621244&utm_source=blackbaud&utm_medium=email&utm_campaign=uadv-roar-day&utm_content=alumni
13944_f1_ROAR Day - Launch (RIT Athletics),10/31/2024 22:06,http://tigers.rit.edu/site/MessageViewer?em_id=18426.0&dlv_id=24294
13944_f1_ROAR Day - Launch (RIT Athletics),10/31/2024 22:06,http://give.rit.edu/roar-day-2024/?a=8621245&utm_source=blackbaud&utm_medium=email&utm_campaign=uadv-roar-day&utm_content=ath
13944_f1_ROAR Day - Launch (RIT Athletics),10/31/2024 13:26,http://give.rit.edu/roar-day-2024/?a=8621245&utm_source=blackbaud&utm_medium=email&utm_campaign=uadv-roar-day&utm_content=ath
13941_f1_ROAR Day - Launch (RIT Alumni) Group 4,10/31/2024 13:01,http://tigers.rit.edu/site/MessageViewer?em_id=18443.0&dlv_id=24301
13941_f1_ROAR Day - Launch (RIT Alumni) Group 2,10/31/2024 12:31,http://tigers.rit.edu/site/MessageViewer?em_id=18441.0&dlv_id=24299
13941_f1_ROAR Day - Launch (RIT Alumni),10/31/2024 14:44,http://give.rit.edu/roar-day-2024/?a=8621244&utm_source=blackbaud&utm_medium=email&utm_campaign=uadv-roar-day&utm_content=alumni
13941_f1_ROAR Day - Launch (RIT Alumni) Group 2,10/31/2024 14:18,http://give.rit.edu/roar-day-2024/?a=8621244&utm_source=blackbaud&utm_medium=email&utm_campaign=uadv-roar-day&utm_content=alumni
13941_f1_ROAR Day - Launch (RIT Alumni) Group 2,10/31/2024 14:18,http://give.rit.edu/roar-day-2024/?a=8621244&utm_source=blackbaud&utm_medium=email&utm_campaign=uadv-roar-day&utm_content=alumni
13944_f1_ROAR Day - Launch (RIT Athletics),10/31/2024 12:58,http://give.rit.edu/roar-day-2024/?a=8621245&utm_source=blackbaud&utm_medium=email&utm_campaign=uadv-roar-day&utm_content=ath
13944_f1_ROAR Day - Launch (RIT Athletics),10/31/2024 16:08,http://give.rit.edu/roar-day-2024/?a=8621245&utm_source=blackbaud&utm_medium=email&utm_campaign=uadv-roar-day&utm_content=ath
13941_f1_ROAR Day - Launch (RIT Alumni),10/31/2024 17:15,http://give.rit.edu/roar-day-2024/?a=8621244&utm_source=blackbaud&utm_medium=email&utm_campaign=uadv-roar-day&utm_content=alumni
13941_f1_ROAR Day - Launch (RIT Alumni),10/31/2024 17:15,http://give.rit.edu/roar-day-2024/?a=8621244&utm_source=blackbaud&utm_medium=email&utm_campaign=uadv-roar-day&utm_content=alumni
13941_f1_ROAR Day - Launch (RIT Alumni) Group 2,10/31/2024 12:31,http://tigers.rit.edu/site/MessageViewer?em_id=18441.0&dlv_id=24299
13941_f1_ROAR Day - Launch (RIT Alumni) Group 4,11/5/2024 14:18,https://www.rit.edu/alumni/update?utm_source=email&utm_medium=blackbaud&utm_campaign=uadv-uyi&utm_content=adv-footer
13941_f1_ROAR Day - Launch (RIT Alumni) Group 4,11/1/2024 8:02,http://give.rit.edu/roar-day-2024/?a=8621244&utm_source=blackbaud&utm_medium=email&utm_campaign=uadv-roar-day&utm_content=alumni
13956_f1_ROAR Day - Launch (RIT Parents),10/31/2024 12:01,http://tigers.rit.edu/site/MessageViewer?em_id=18428.0&dlv_id=24296
13956_f1_ROAR Day - Launch (RIT Parents),10/31/2024 12:02,http://tigers.rit.edu/site/MessageViewer?em_id=18428.0&dlv_id=24296
13941_f1_ROAR Day - Launch (RIT Alumni),10/31/2024 12:15,http://tigers.rit.edu/site/MessageViewer?em_id=18430.0&dlv_id=24298
13941_f1_ROAR Day - Launch (RIT Alumni),10/31/2024 12:15,http://tigers.rit.edu/site/MessageViewer?em_id=18430.0&dlv_id=24298
13941_f1_ROAR Day - Launch (RIT Alumni) Group 3,10/31/2024 12:46,http://tigers.rit.edu/site/MessageViewer?em_id=18442.0&dlv_id=24300
13956_f1_ROAR Day - Launch (RIT Parents),10/31/2024 17:45,https://give.rit.edu/roar-day-2024/?a=8621255&utm_source=blackbaud&utm_medium=email&utm_campaign=uadv-roar-day&utm_content=parent
13941_f1_ROAR Day - Launch (RIT Alumni) Group 3,10/31/2024 12:50,http://tigers.rit.edu/site/MessageViewer?em_id=18442.0&dlv_id=24300
13944_f1_ROAR Day - Launch (RIT Athletics),10/31/2024 19:16,http://give.rit.edu/roar-day-2024/?a=8621245&utm_source=blackbaud&utm_medium=email&utm_campaign=uadv-roar-day&utm_content=ath
13941_f1_ROAR Day - Launch (RIT Alumni) Group 2,10/31/2024 12:32,http://tigers.rit.edu/site/MessageViewer?em_id=18441.0&dlv_id=24299
13944_f1_ROAR Day - Launch (RIT Athletics),10/31/2024 12:04,http://give.rit.edu/roar-day-2024/?a=8621245&utm_source=blackbaud&utm_medium=email&utm_campaign=uadv-roar-day&utm_content=ath
13944_f1_ROAR Day - Launch (RIT Athletics),11/1/2024 20:25,http://give.rit.edu/roar-day-2024/?a=8621245&utm_source=blackbaud&utm_medium=email&utm_campaign=uadv-roar-day&utm_content=ath
13956_f1_ROAR Day - Launch (RIT Parents),11/1/2024 13:46,https://give.rit.edu/roar-day-2024/?a=8621255&utm_source=blackbaud&utm_medium=email&utm_campaign=uadv-roar-day&utm_content=parent
13956_f1_ROAR Day - Launch (RIT Parents),10/31/2024 13:03,https://give.rit.edu/roar-day-2024/?a=8621255&utm_source=blackbaud&utm_medium=email&utm_campaign=uadv-roar-day&utm_content=parent
13956_f1_ROAR Day - Launch (RIT Parents),10/31/2024 13:03,https://give.rit.edu/roar-day-2024/?a=8621255&utm_source=blackbaud&utm_medium=email&utm_campaign=uadv-roar-day&utm_content=parent
13956_f1_ROAR Day - Launch (RIT Parents),10/31/2024 18:43,https://give.rit.edu/roar-day-2024/?a=8621255&utm_source=blackbaud&utm_medium=email&utm_campaign=uadv-roar-day&utm_content=parent
13944_f1_ROAR Day - Launch (RIT Athletics),10/31/2024 12:46,http://give.rit.edu/roar-day-2024/?a=8621245&utm_source=blackbaud&utm_medium=email&utm_campaign=uadv-roar-day&utm_content=ath
13944_f1_ROAR Day - Launch (RIT Athletics),10/31/2024 13:21,http://tigers.rit.edu/site/MessageViewer?em_id=18426.0&dlv_id=24294
13956_f1_ROAR Day - Launch (RIT Parents),10/31/2024 14:29,https://give.rit.edu/roar-day-2024/?a=8621255&utm_source=blackbaud&utm_medium=email&utm_campaign=uadv-roar-day&utm_content=parent
13941_f1_ROAR Day - Launch (RIT Alumni),10/31/2024 14:26,http://give.rit.edu/roar-day-2024/?a=8621244&utm_source=blackbaud&utm_medium=email&utm_campaign=uadv-roar-day&utm_content=alumni
13956_f1_ROAR Day - Launch (RIT Parents),10/31/2024 13:45,https://give.rit.edu/roar-day-2024/?a=8621255&utm_source=blackbaud&utm_medium=email&utm_campaign=uadv-roar-day&utm_content=parent
13956_f1_ROAR Day - Launch (RIT Parents),10/31/2024 14:05,https://give.rit.edu/roar-day-2024/?a=8621255&utm_source=blackbaud&utm_medium=email&utm_campaign=uadv-roar-day&utm_content=parent
13944_f1_ROAR Day - Launch (RIT Athletics),10/31/2024 14:47,http://give.rit.edu/roar-day-2024/?a=8621245&utm_source=blackbaud&utm_medium=email&utm_campaign=uadv-roar-day&utm_content=ath
13944_f1_ROAR Day - Launch (RIT Athletics),11/1/2024 7:02,http://give.rit.edu/roar-day-2024/?a=8621245&utm_source=blackbaud&utm_medium=email&utm_campaign=uadv-roar-day&utm_content=ath
13944_f1_ROAR Day - Launch (RIT Athletics),10/31/2024 14:46,http://give.rit.edu/roar-day-2024/?a=8621245&utm_source=blackbaud&utm_medium=email&utm_campaign=uadv-roar-day&utm_content=ath
13944_f1_ROAR Day - Launch (RIT Athletics),10/31/2024 17:42,http://give.rit.edu/roar-day-2024/?a=8621245&utm_source=blackbaud&utm_medium=email&utm_campaign=uadv-roar-day&utm_content=ath
13959_f1_ROAR Day - Launch (FST_ROAR Day 2023),10/31/2024 12:37,https://give.rit.edu/roar-day-2024/?a=8894142&utm_source=blackbaud&utm_medium=email&utm_campaign=uadv-roar-day&utm_content=fst
13944_f1_ROAR Day - Launch (RIT Athletics),10/31/2024 12:57,http://give.rit.edu/roar-day-2024/?a=8621245&utm_source=blackbaud&utm_medium=email&utm_campaign=uadv-roar-day&utm_content=ath
13941_f1_ROAR Day - Launch (RIT Alumni) Group 4,10/31/2024 16:08,http://give.rit.edu/roar-day-2024/?a=8621244&utm_source=blackbaud&utm_medium=email&utm_campaign=uadv-roar-day&utm_content=alumni
13941_f1_ROAR Day - Launch (RIT Alumni),11/1/2024 9:18,http://give.rit.edu/roar-day-2024/?a=8621244&utm_source=blackbaud&utm_medium=email&utm_campaign=uadv-roar-day&utm_content=alumni
13941_f1_ROAR Day - Launch (RIT Alumni) Group 3,10/31/2024 12:46,http://tigers.rit.edu/site/MessageViewer?em_id=18442.0&dlv_id=24300
13941_f1_ROAR Day - Launch (RIT Alumni) Group 4,10/31/2024 13:01,http://give.rit.edu/roar-day-2024/?a=8621244&utm_source=blackbaud&utm_medium=email&utm_campaign=uadv-roar-day&utm_content=alumni
13941_f1_ROAR Day - Launch (RIT Alumni) Group 4,10/31/2024 13:01,http://tigers.rit.edu/site/MessageViewer?em_id=18443.0&dlv_id=24301
13941_f1_ROAR Day - Launch (RIT Alumni) Group 4,10/31/2024 13:01,http://give.rit.edu/roar-day-2024/?a=8621244&utm_source=blackbaud&utm_medium=email&utm_campaign=uadv-roar-day&utm_content=alumni
13944_f1_ROAR Day - Launch (RIT Athletics),10/31/2024 12:29,http://give.rit.edu/roar-day-2024/?a=8621245&utm_source=blackbaud&utm_medium=email&utm_campaign=uadv-roar-day&utm_content=ath
13944_f1_ROAR Day - Launch (RIT Athletics),10/31/2024 12:04,http://tigers.rit.edu/site/MessageViewer?em_id=18426.0&dlv_id=24294
13941_f1_ROAR Day - Launch (RIT Alumni) Group 4,10/31/2024 13:21,http://give.rit.edu/roar-day-2024/?a=8621244&utm_source=blackbaud&utm_medium=email&utm_campaign=uadv-roar-day&utm_content=alumni
13941_f1_ROAR Day - Launch (RIT Alumni),10/31/2024 12:15,http://tigers.rit.edu/site/MessageViewer?em_id=18430.0&dlv_id=24298
13941_f1_ROAR Day - Launch (RIT Alumni),10/31/2024 20:23,http://give.rit.edu/roar-day-2024/?a=8621244&utm_source=blackbaud&utm_medium=email&utm_campaign=uadv-roar-day&utm_content=alumni
13938_f1_ROAR Day - Launch (Sentinel Society),10/31/2024 15:46,http://give.rit.edu/roar-day-2024/?a=8900109&utm_source=blackbaud&utm_medium=email&utm_campaign=uadv-roar-day&utm_content=sentinel
13941_f1_ROAR Day - Launch (RIT Alumni),10/31/2024 12:44,http://give.rit.edu/roar-day-2024/?a=8621244&utm_source=blackbaud&utm_medium=email&utm_campaign=uadv-roar-day&utm_content=alumni
13944_f1_ROAR Day - Launch (RIT Athletics),10/31/2024 12:04,http://give.rit.edu/roar-day-2024/?a=8621245&utm_source=blackbaud&utm_medium=email&utm_campaign=uadv-roar-day&utm_content=ath
13941_f1_ROAR Day - Launch (RIT Alumni) Group 2,10/31/2024 12:31,http://tigers.rit.edu/site/MessageViewer?em_id=18441.0&dlv_id=24299
13944_f1_ROAR Day - Launch (RIT Athletics),11/2/2024 11:28,http://give.rit.edu/roar-day-2024/?a=8621245&utm_source=blackbaud&utm_medium=email&utm_campaign=uadv-roar-day&utm_content=ath
13941_f1_ROAR Day - Launch (RIT Alumni),10/31/2024 12:15,http://tigers.rit.edu/site/MessageViewer?em_id=18430.0&dlv_id=24298
13944_f1_ROAR Day - Launch (RIT Athletics),10/31/2024 12:08,http://give.rit.edu/roar-day-2024/?a=8621245&utm_source=blackbaud&utm_medium=email&utm_campaign=uadv-roar-day&utm_content=ath
13953_f1_ROAR Day - Launch (RIT Greeks),10/31/2024 14:23,https://give.rit.edu/roar-day-2024/?a=8621253&utm_source=blackbaud&utm_medium=email&utm_campaign=uadv-roar-day&utm_content=greek
13941_f1_ROAR Day - Launch (RIT Alumni) Group 2,10/31/2024 12:37,http://give.rit.edu/roar-day-2024/?a=8621244&utm_source=blackbaud&utm_medium=email&utm_campaign=uadv-roar-day&utm_content=alumni
13956_f1_ROAR Day - Launch (RIT Parents),10/31/2024 14:46,https://give.rit.edu/roar-day-2024/?a=8621255&utm_source=blackbaud&utm_medium=email&utm_campaign=uadv-roar-day&utm_content=parent
13944_f1_ROAR Day - Launch (RIT Athletics),10/31/2024 14:11,http://give.rit.edu/roar-day-2024/?a=8621245&utm_source=blackbaud&utm_medium=email&utm_campaign=uadv-roar-day&utm_content=ath
13941_f1_ROAR Day - Launch (RIT Alumni) Group 4,10/31/2024 13:46,http://give.rit.edu/roar-day-2024/?a=8621244&utm_source=blackbaud&utm_medium=email&utm_campaign=uadv-roar-day&utm_content=alumni
13941_f1_ROAR Day - Launch (RIT Alumni) Group 4,10/31/2024 13:41,http://give.rit.edu/roar-day-2024/?a=8621244&utm_source=blackbaud&utm_medium=email&utm_campaign=uadv-roar-day&utm_content=alumni
13944_f1_ROAR Day - Launch (RIT Athletics),10/31/2024 12:29,http://give.rit.edu/roar-day-2024/?a=8621245&utm_source=blackbaud&utm_medium=email&utm_campaign=uadv-roar-day&utm_content=ath
13941_f1_ROAR Day - Launch (RIT Alumni),10/31/2024 16:35,http://give.rit.edu/roar-day-2024/?a=8621244&utm_source=blackbaud&utm_medium=email&utm_campaign=uadv-roar-day&utm_content=alumni
13941_f1_ROAR Day - Launch (RIT Alumni) Group 2,10/31/2024 12:31,http://tigers.rit.edu/site/MessageViewer?em_id=18441.0&dlv_id=24299
13941_f1_ROAR Day - Launch (RIT Alumni),10/31/2024 17:16,http://give.rit.edu/roar-day-2024/?a=8621244&utm_source=blackbaud&utm_medium=email&utm_campaign=uadv-roar-day&utm_content=alumni
13941_f1_ROAR Day - Launch (RIT Alumni) Group 2,10/31/2024 12:33,http://tigers.rit.edu/site/MessageViewer?em_id=18441.0&dlv_id=24299
13941_f1_ROAR Day - Launch (RIT Alumni),10/31/2024 14:18,http://give.rit.edu/roar-day-2024/?a=8621244&utm_source=blackbaud&utm_medium=email&utm_campaign=uadv-roar-day&utm_content=alumni
13941_f1_ROAR Day - Launch (RIT Alumni) Group 4,10/31/2024 13:01,https://www.facebook.com/RIThealthsci
13941_f1_ROAR Day - Launch (RIT Alumni) Group 2,10/31/2024 12:31,http://tigers.rit.edu/site/MessageViewer?em_id=18441.0&dlv_id=24299
13944_f1_ROAR Day - Launch (RIT Athletics),10/31/2024 12:16,http://give.rit.edu/roar-day-2024/?a=8621245&utm_source=blackbaud&utm_medium=email&utm_campaign=uadv-roar-day&utm_content=ath
13956_f1_ROAR Day - Launch (RIT Parents),10/31/2024 12:34,https://give.rit.edu/roar-day-2024/?a=8621255&utm_source=blackbaud&utm_medium=email&utm_campaign=uadv-roar-day&utm_content=parent
13941_f1_ROAR Day - Launch (RIT Alumni),10/31/2024 12:25,http://give.rit.edu/roar-day-2024/?a=8621244&utm_source=blackbaud&utm_medium=email&utm_campaign=uadv-roar-day&utm_content=alumni
13941_f1_ROAR Day - Launch (RIT Alumni),10/31/2024 20:44,http://give.rit.edu/roar-day-2024/?a=8621244&utm_source=blackbaud&utm_medium=email&utm_campaign=uadv-roar-day&utm_content=alumni
13944_f1_ROAR Day - Launch (RIT Athletics),10/31/2024 13:50,http://tigers.rit.edu/site/MessageViewer?em_id=18426.0&dlv_id=24294
13941_f1_ROAR Day - Launch (RIT Alumni),10/31/2024 13:32,http://give.rit.edu/roar-day-2024/?a=8621244&utm_source=blackbaud&utm_medium=email&utm_campaign=uadv-roar-day&utm_content=alumni
13956_f1_ROAR Day - Launch (RIT Parents),10/31/2024 18:53,https://give.rit.edu/roar-day-2024/?a=8621255&utm_source=blackbaud&utm_medium=email&utm_campaign=uadv-roar-day&utm_content=parent
13944_f1_ROAR Day - Launch (RIT Athletics),10/31/2024 12:57,http://give.rit.edu/roar-day-2024/?a=8621245&utm_source=blackbaud&utm_medium=email&utm_campaign=uadv-roar-day&utm_content=ath
13941_f1_ROAR Day - Launch (RIT Alumni),10/31/2024 13:41,http://give.rit.edu/roar-day-2024/?a=8621244&utm_source=blackbaud&utm_medium=email&utm_campaign=uadv-roar-day&utm_content=alumni
13956_f1_ROAR Day - Launch (RIT Parents),10/31/2024 12:55,https://give.rit.edu/roar-day-2024/?a=8621255&utm_source=blackbaud&utm_medium=email&utm_campaign=uadv-roar-day&utm_content=parent
13944_f1_ROAR Day - Launch (RIT Athletics),10/31/2024 14:11,http://give.rit.edu/roar-day-2024/?a=8621245&utm_source=blackbaud&utm_medium=email&utm_campaign=uadv-roar-day&utm_content=ath
13944_f1_ROAR Day - Launch (RIT Athletics),11/1/2024 12:32,http://give.rit.edu/roar-day-2024/?a=8621245&utm_source=blackbaud&utm_medium=email&utm_campaign=uadv-roar-day&utm_content=ath
13944_f1_ROAR Day - Launch (RIT Athletics),10/31/2024 12:46,http://give.rit.edu/roar-day-2024/?a=8621245&utm_source=blackbaud&utm_medium=email&utm_campaign=uadv-roar-day&utm_content=ath
13944_f1_ROAR Day - Launch (RIT Athletics),10/31/2024 12:43,http://give.rit.edu/roar-day-2024/?a=8621245&utm_source=blackbaud&utm_medium=email&utm_campaign=uadv-roar-day&utm_content=ath
13941_f1_ROAR Day - Launch (RIT Alumni),10/31/2024 15:03,http://give.rit.edu/roar-day-2024/?a=8621244&utm_source=blackbaud&utm_medium=email&utm_campaign=uadv-roar-day&utm_content=alumni
13941_f1_ROAR Day - Launch (RIT Alumni) Group 2,10/31/2024 13:47,http://give.rit.edu/roar-day-2024/?a=8621244&utm_source=blackbaud&utm_medium=email&utm_campaign=uadv-roar-day&utm_content=alumni
13944_f1_ROAR Day - Launch (RIT Athletics),10/31/2024 16:34,http://give.rit.edu/roar-day-2024/?a=8621245&utm_source=blackbaud&utm_medium=email&utm_campaign=uadv-roar-day&utm_content=ath
13944_f1_ROAR Day - Launch (RIT Athletics),10/31/2024 16:34,http://give.rit.edu/roar-day-2024/?a=8621245&utm_source=blackbaud&utm_medium=email&utm_campaign=uadv-roar-day&utm_content=ath
13956_f1_ROAR Day - Launch (RIT Parents),10/31/2024 12:24,https://give.rit.edu/roar-day-2024/?a=8621255&utm_source=blackbaud&utm_medium=email&utm_campaign=uadv-roar-day&utm_content=parent
13956_f1_ROAR Day - Launch (RIT Parents),10/31/2024 16:05,https://give.rit.edu/roar-day-2024/?a=8621255&utm_source=blackbaud&utm_medium=email&utm_campaign=uadv-roar-day&utm_content=parent
13941_f1_ROAR Day - Launch (RIT Alumni),10/31/2024 12:15,http://tigers.rit.edu/site/MessageViewer?em_id=18430.0&dlv_id=24298
13944_f1_ROAR Day - Launch (RIT Athletics),11/1/2024 1:12,http://give.rit.edu/roar-day-2024/?a=8621245&utm_source=blackbaud&utm_medium=email&utm_campaign=uadv-roar-day&utm_content=ath
13956_f1_ROAR Day - Launch (RIT Parents),10/31/2024 16:08,https://give.rit.edu/roar-day-2024/?a=8621255&utm_source=blackbaud&utm_medium=email&utm_campaign=uadv-roar-day&utm_content=parent
13941_f1_ROAR Day - Launch (RIT Alumni),10/31/2024 12:43,http://give.rit.edu/roar-day-2024/?a=8621244&utm_source=blackbaud&utm_medium=email&utm_campaign=uadv-roar-day&utm_content=alumni
13956_f1_ROAR Day - Launch (RIT Parents),10/31/2024 12:28,https://give.rit.edu/roar-day-2024/?a=8621255&utm_source=blackbaud&utm_medium=email&utm_campaign=uadv-roar-day&utm_content=parent
13956_f1_ROAR Day - Launch (RIT Parents),10/31/2024 17:18,https://give.rit.edu/roar-day-2024/?a=8621255&utm_source=blackbaud&utm_medium=email&utm_campaign=uadv-roar-day&utm_content=parent
13956_f1_ROAR Day - Launch (RIT Parents),10/31/2024 17:18,https://give.rit.edu/roar-day-2024/?a=8621255&utm_source=blackbaud&utm_medium=email&utm_campaign=uadv-roar-day&utm_content=parent
13941_f1_ROAR Day - Launch (RIT Alumni) Group 4,10/31/2024 19:13,http://give.rit.edu/roar-day-2024/?a=8621244&utm_source=blackbaud&utm_medium=email&utm_campaign=uadv-roar-day&utm_content=alumni
13956_f1_ROAR Day - Launch (RIT Parents),10/31/2024 12:01,http://tigers.rit.edu/site/MessageViewer?em_id=18428.0&dlv_id=24296
13941_f1_ROAR Day - Launch (RIT Alumni) Group 4,10/31/2024 13:03,http://give.rit.edu/roar-day-2024/?a=8621244&utm_source=blackbaud&utm_medium=email&utm_campaign=uadv-roar-day&utm_content=alumni
13941_f1_ROAR Day - Launch (RIT Alumni) Group 4,10/31/2024 13:00,http://tigers.rit.edu/site/MessageViewer?em_id=18443.0&dlv_id=24301
13956_f1_ROAR Day - Launch (RIT Parents),11/1/2024 12:34,https://give.rit.edu/roar-day-2024/?a=8621255&utm_source=blackbaud&utm_medium=email&utm_campaign=uadv-roar-day&utm_content=parent
13944_f1_ROAR Day - Launch (RIT Athletics),10/31/2024 18:23,https://give.rit.edu/pages/roar-day-social-media-toolkit?utm_source=blackbaud&utm_medium=email&utm_campaign=uadv-roar-day&utm_content=ath
13941_f1_ROAR Day - Launch (RIT Alumni) Group 2,10/31/2024 15:25,http://give.rit.edu/roar-day-2024/?a=8621244&utm_source=blackbaud&utm_medium=email&utm_campaign=uadv-roar-day&utm_content=alumni
13941_f1_ROAR Day - Launch (RIT Alumni) Group 2,10/31/2024 12:31,http://tigers.rit.edu/site/MessageViewer?em_id=18441.0&dlv_id=24299
13941_f1_ROAR Day - Launch (RIT Alumni),10/31/2024 13:22,http://give.rit.edu/roar-day-2024/?a=8621244&utm_source=blackbaud&utm_medium=email&utm_campaign=uadv-roar-day&utm_content=alumni
13944_f1_ROAR Day - Launch (RIT Athletics),10/31/2024 17:05,http://tigers.rit.edu/site/MessageViewer?em_id=18426.0&dlv_id=24294
13953_f1_ROAR Day - Launch (RIT Greeks),10/31/2024 12:04,https://give.rit.edu/roar-day-2024/?a=8621253&utm_source=blackbaud&utm_medium=email&utm_campaign=uadv-roar-day&utm_content=greek
13941_f1_ROAR Day - Launch (RIT Alumni),11/1/2024 17:21,http://give.rit.edu/roar-day-2024/?a=8621244&utm_source=blackbaud&utm_medium=email&utm_campaign=uadv-roar-day&utm_content=alumni
13941_f1_ROAR Day - Launch (RIT Alumni),11/1/2024 10:13,http://give.rit.edu/roar-day-2024/?a=8621244&utm_source=blackbaud&utm_medium=email&utm_campaign=uadv-roar-day&utm_content=alumni
13941_f1_ROAR Day - Launch (RIT Alumni),10/31/2024 12:16,http://tigers.rit.edu/site/MessageViewer?em_id=18430.0&dlv_id=24298
13944_f1_ROAR Day - Launch (RIT Athletics),10/31/2024 18:48,http://give.rit.edu/roar-day-2024/?a=8621245&utm_source=blackbaud&utm_medium=email&utm_campaign=uadv-roar-day&utm_content=ath
13944_f1_ROAR Day - Launch (RIT Athletics),10/31/2024 22:37,http://give.rit.edu/roar-day-2024/?a=8621245&utm_source=blackbaud&utm_medium=email&utm_campaign=uadv-roar-day&utm_content=ath
13941_f1_ROAR Day - Launch (RIT Alumni),10/31/2024 22:37,http://give.rit.edu/roar-day-2024/?a=8621244&utm_source=blackbaud&utm_medium=email&utm_campaign=uadv-roar-day&utm_content=alumni
13941_f1_ROAR Day - Launch (RIT Alumni) Group 2,10/31/2024 12:31,http://tigers.rit.edu/site/MessageViewer?em_id=18441.0&dlv_id=24299
13944_f1_ROAR Day - Launch (RIT Athletics),10/31/2024 15:43,http://give.rit.edu/roar-day-2024/?a=8621245&utm_source=blackbaud&utm_medium=email&utm_campaign=uadv-roar-day&utm_content=ath
13941_f1_ROAR Day - Launch (RIT Alumni) Group 3,10/31/2024 12:50,https://give.rit.edu/pages/roar-day-social-media-toolkit?utm_source=blackbaud&utm_medium=email&utm_campaign=uadv-roar-day&utm_content=alumni
13953_f1_ROAR Day - Launch (RIT Greeks),10/31/2024 12:00,http://tigers.rit.edu/site/MessageViewer?em_id=18427.0&dlv_id=24295
13956_f1_ROAR Day - Launch (RIT Parents),10/31/2024 12:19,https://give.rit.edu/roar-day-2024/?a=8621255&utm_source=blackbaud&utm_medium=email&utm_campaign=uadv-roar-day&utm_content=parent
13956_f1_ROAR Day - Launch (RIT Parents),10/31/2024 12:12,https://give.rit.edu/roar-day-2024/?a=8621255&utm_source=blackbaud&utm_medium=email&utm_campaign=uadv-roar-day&utm_content=parent
13941_f1_ROAR Day - Launch (RIT Alumni),10/31/2024 12:29,http://give.rit.edu/roar-day-2024/?a=8621244&utm_source=blackbaud&utm_medium=email&utm_campaign=uadv-roar-day&utm_content=alumni
13941_f1_ROAR Day - Launch (RIT Alumni) Group 4,10/31/2024 13:01,http://tigers.rit.edu/site/MessageViewer?em_id=18443.0&dlv_id=24301
13941_f1_ROAR Day - Launch (RIT Alumni) Group 4,10/31/2024 13:03,https://give.rit.edu/pages/roar-day-social-media-toolkit?utm_source=blackbaud&utm_medium=email&utm_campaign=uadv-roar-day&utm_content=alumni
13941_f1_ROAR Day - Launch (RIT Alumni) Group 4,10/31/2024 13:01,http://give.rit.edu/roar-day-2024/?a=8621244&utm_source=blackbaud&utm_medium=email&utm_campaign=uadv-roar-day&utm_content=alumni
13953_f1_ROAR Day - Launch (RIT Greeks),11/1/2024 10:03,https://give.rit.edu/roar-day-2024/?a=8621253&utm_source=blackbaud&utm_medium=email&utm_campaign=uadv-roar-day&utm_content=greek
13944_f1_ROAR Day - Launch (RIT Athletics),10/31/2024 15:35,http://give.rit.edu/roar-day-2024/?a=8621245&utm_source=blackbaud&utm_medium=email&utm_campaign=uadv-roar-day&utm_content=ath
13941_f1_ROAR Day - Launch (RIT Alumni),10/31/2024 12:15,http://tigers.rit.edu/site/MessageViewer?em_id=18430.0&dlv_id=24298
13938_f1_ROAR Day - Launch (Sentinel Society),10/31/2024 18:46,http://give.rit.edu/roar-day-2024/?a=8900109&utm_source=blackbaud&utm_medium=email&utm_campaign=uadv-roar-day&utm_content=sentinel
13956_f1_ROAR Day - Launch (RIT Parents),10/31/2024 12:01,http://tigers.rit.edu/site/MessageViewer?em_id=18428.0&dlv_id=24296
13944_f1_ROAR Day - Launch (RIT Athletics),10/31/2024 12:01,http://tigers.rit.edu/site/MessageViewer?em_id=18426.0&dlv_id=24294
13941_f1_ROAR Day - Launch (RIT Alumni),10/31/2024 13:19,http://give.rit.edu/roar-day-2024/?a=8621244&utm_source=blackbaud&utm_medium=email&utm_campaign=uadv-roar-day&utm_content=alumni
13941_f1_ROAR Day - Launch (RIT Alumni),10/31/2024 12:15,http://tigers.rit.edu/site/MessageViewer?em_id=18430.0&dlv_id=24298
13941_f1_ROAR Day - Launch (RIT Alumni) Group 4,10/31/2024 13:06,http://give.rit.edu/roar-day-2024/?a=8621244&utm_source=blackbaud&utm_medium=email&utm_campaign=uadv-roar-day&utm_content=alumni
13941_f1_ROAR Day - Launch (RIT Alumni) Group 4,10/31/2024 13:06,http://give.rit.edu/roar-day-2024/?a=8621244&utm_source=blackbaud&utm_medium=email&utm_campaign=uadv-roar-day&utm_content=alumni
13944_f1_ROAR Day - Launch (RIT Athletics),10/31/2024 12:04,http://give.rit.edu/roar-day-2024/?a=8621245&utm_source=blackbaud&utm_medium=email&utm_campaign=uadv-roar-day&utm_content=ath
13944_f1_ROAR Day - Launch (RIT Athletics),10/31/2024 12:04,http://tigers.rit.edu/site/MessageViewer?em_id=18426.0&dlv_id=24294
13944_f1_ROAR Day - Launch (RIT Athletics),10/31/2024 12:04,http://give.rit.edu/roar-day-2024/?a=8621245&utm_source=blackbaud&utm_medium=email&utm_campaign=uadv-roar-day&utm_content=ath
13941_f1_ROAR Day - Launch (RIT Alumni),10/31/2024 12:29,http://give.rit.edu/roar-day-2024/?a=8621244&utm_source=blackbaud&utm_medium=email&utm_campaign=uadv-roar-day&utm_content=alumni
13944_f1_ROAR Day - Launch (RIT Athletics),10/31/2024 15:04,http://give.rit.edu/roar-day-2024/?a=8621245&utm_source=blackbaud&utm_medium=email&utm_campaign=uadv-roar-day&utm_content=ath
13944_f1_ROAR Day - Launch (RIT Athletics),10/31/2024 15:04,http://give.rit.edu/roar-day-2024/?a=8621245&utm_source=blackbaud&utm_medium=email&utm_campaign=uadv-roar-day&utm_content=ath
13953_f1_ROAR Day - Launch (RIT Greeks),10/31/2024 12:00,http://tigers.rit.edu/site/MessageViewer?em_id=18427.0&dlv_id=24295
13941_f1_ROAR Day - Launch (RIT Alumni) Group 4,10/31/2024 13:03,http://give.rit.edu/roar-day-2024/?a=8621244&utm_source=blackbaud&utm_medium=email&utm_campaign=uadv-roar-day&utm_content=alumni
13941_f1_ROAR Day - Launch (RIT Alumni) Group 2,10/31/2024 12:31,http://tigers.rit.edu/site/MessageViewer?em_id=18441.0&dlv_id=24299
13953_f1_ROAR Day - Launch (RIT Greeks),12/3/2024 14:45,https://give.rit.edu/campaigns/52069/donations/new?designation=GreekStudentLifeFund&a=8621253&utm_source=blackbaud&utm_medium=email&utm_campaign=uadv-roar-day&utm_content=greek
