Message_Name,Delivery_Start__Date,Email Express Message,Number_Sent,Hard_Bounce_Count,Hard_Bounce_Rate,Soft_Bounce_Count,Soft_Bounce_Rate,Delivery_Count,Delivery_Rate,Open_Count,Open_Rate,Clickthrough_Count,Clickthrough_Rate,Action_Taken_Count,Action_Taken_Rate,Tell-A-Friend_Count,Tell-A-Friend_Rate,Unsubscribe_Count,Unsubscribe_Rate
"9859_f1_ROAR Day: Save the Date 4/14 - Alumni, Parents, Retirees, Friends",4/19/2022 17:00,No,77057,244,0.32,1145,1.49,75668,98.2,27462,36.29,393,0.52,32,0.04,0,0,105,0.14
9976_f1_ROAR Day: Simone Center 4/20,4/20/2022 17:00,No,199,22,11.06,0,0,177,88.94,74,41.81,1,0.56,0,0,0,0,1,0.56
9970_f1_ROAR Day: F/S Alumni 4/20,4/20/2022 17:00,No,1010,0,0,5,0.5,1005,99.5,400,39.8,6,0.6,2,0.2,0,0,0,0
9862_f1_ROAR Day: Day Of 4/21 8 a.m.,4/21/2022 8:00,No,76856,172,0.22,1141,1.48,75543,98.29,26096,34.54,745,0.99,133,0.18,0,0,110,0.15
9865_f1_ROAR Day: Day Of 4/21 12 p.m.,4/21/2022 12:00,No,76856,158,0.21,1085,1.41,75613,98.38,22426,29.66,459,0.61,138,0.18,0,0,151,0.2
9868_f1_ROAR Day: Day Of 4/21 8 p.m.,4/21/2022 20:00,No,76856,161,0.21,1129,1.47,75566,98.32,24334,32.2,433,0.57,103,0.14,0,0,154,0.2
9883_f1_ROAR Day: Thank You 4/22,4/22/2022 8:00,No,76405,23,0.03,1225,1.6,75157,98.37,26545,35.32,566,0.75,27,0.04,0,0,156,0.21
10777_f1_ROAR Day Acquisition Save the Date 10/20 9AM,10/20/2022 9:00,No,25085,218,0.87,2241,8.93,22626,90.2,4642,20.52,157,0.69,0,0,0,0,18,0.08
10765_f1_ROAR Day Athletics Save the Date 10/20 9AM,10/20/2022 9:01,No,3229,11,0.34,358,11.09,2860,88.57,846,29.58,58,2.03,0,0,0,0,3,0.1
10771_f1_ROAR Day Retention Save the Date 10/20 9AM,10/20/2022 9:01,No,2289,14,0.61,28,1.22,2247,98.17,782,34.8,35,1.56,0,0,0,0,3,0.13
10774_f1_ROAR Day Reactivation Save the Date 10/20 9AM,10/20/2022 9:01,No,12868,75,0.58,1321,10.27,11472,89.15,2585,22.53,76,0.66,0,0,0,0,6,0.05
10765_f1_ROAR Day Athletics Save the Date 10/20 9AM,10/20/2022 18:00,No,3223,20,0.62,167,5.18,3036,94.2,1408,46.38,62,2.04,0,0,0,0,7,0.23
10771_f1_ROAR Day Retention Save the Date 10/20 9AM,10/20/2022 18:05,No,2281,9,0.39,28,1.23,2244,98.38,1215,54.14,63,2.81,1,0.04,0,0,8,0.36
10774_f1_ROAR Day Reactivation Save the Date 10/20 9AM,10/20/2022 18:10,No,12842,75,0.58,827,6.44,11940,92.98,4531,37.95,91,0.76,0,0,0,0,11,0.09
10777_f1_ROAR Day Acquisition Save the Date 10/20 9AM,10/20/2022 18:15,No,25001,173,0.69,2457,9.83,22371,89.48,8103,36.22,201,0.9,0,0,0,0,26,0.12
10810_f1_Hospitality ROAR Day 10/27 12PM,10/27/2022 12:00,No,309,0,0,62,20.06,247,79.94,72,29.15,2,0.81,0,0,0,0,0,0
12156_f_FY24 ROAR Day - One Week - Newman,9/21/2023 9:00,No,995,2,0.2,13,1.31,980,98.49,374,38.16,19,1.94,0,0,0,0,5,0.51
12150_f_FY24 ROAR Day - One Week - Parents,9/21/2023 9:30,No,8377,74,0.88,37,0.44,8266,98.67,3911,47.31,111,1.34,0,0,0,0,6,0.07
12153_f_FY24 ROAR Day - One Week - Athletics,9/21/2023 10:00,No,5572,10,0.18,111,1.99,5451,97.83,2315,42.47,73,1.34,0,0,0,0,11,0.2
12162_f_FY24 ROAR Day - One Week - Friends,9/21/2023 10:31,No,1666,9,0.54,8,0.48,1649,98.98,871,52.82,20,1.21,0,0,0,0,12,0.73
12159_f_FY24 ROAR Day - One Week - Saunders,9/21/2023 11:00,No,12528,32,0.26,220,1.76,12276,97.99,4227,34.43,54,0.44,0,0,0,0,12,0.1
12147_f_FY24 ROAR Day - One Week - Alumni,9/21/2023 12:00,No,14010,37,0.26,243,1.73,13730,98,3248,23.66,71,0.52,0,0,0,0,10,0.07
12147_f_FY24 ROAR Day - One Week - Alumni 2,9/21/2023 13:00,No,15121,20,0.13,188,1.24,14913,98.62,5946,39.87,64,0.43,0,0,0,0,29,0.19
12147_f_FY24 ROAR Day - One Week - Alumni 3,9/21/2023 14:00,No,15070,41,0.27,140,0.93,14889,98.8,5832,39.17,35,0.24,0,0,0,0,29,0.19
12147_f_FY24 ROAR Day - One Week - Alumni 4,9/21/2023 15:00,No,6725,36,0.54,1065,15.84,5624,83.63,2480,44.1,15,0.27,0,0,0,0,9,0.16
12195_f_FY24 ROAR Day - 12 PM - Newman,9/28/2023 9:00,No,981,0,0,13,1.33,968,98.67,386,39.88,14,1.45,0,0,0,0,0,0
12189_f_FY24 ROAR Day - 12 PM - Parents,9/28/2023 9:30,No,8346,65,0.78,55,0.66,8226,98.56,4567,55.52,277,3.37,0,0,0,0,6,0.07
12192_f_FY24 ROAR Day - 12 PM - Athletics,9/28/2023 10:00,No,5460,14,0.26,75,1.37,5371,98.37,2092,38.95,105,1.95,0,0,0,0,9,0.17
12204_f_FY24 ROAR Day - 12 PM - General,9/28/2023 10:30,No,1629,7,0.43,11,0.68,1611,98.9,765,47.49,49,3.04,0,0,0,0,15,0.93
12201_f_FY24 ROAR Day - 12 PM - Saunders,9/28/2023 11:00,No,12441,23,0.18,215,1.73,12203,98.09,3970,32.53,88,0.72,0,0,0,0,19,0.16
12186_f_FY24 ROAR Day - 12 PM - Alumni,9/28/2023 12:00,No,12614,27,0.21,343,2.72,12244,97.07,4795,39.16,144,1.18,0,0,0,0,18,0.15
12186_f_FY24 ROAR Day - 12 PM - Alumni 2,9/28/2023 13:00,No,14023,20,0.14,199,1.42,13804,98.44,2700,19.56,68,0.49,0,0,0,0,11,0.08
12186_f_FY24 ROAR Day - 12 PM - Alumni 3,9/28/2023 14:00,No,10198,35,0.34,443,4.34,9720,95.31,3048,31.36,44,0.45,0,0,0,0,15,0.15
12186_f_FY24 ROAR Day - 12 PM - Alumni 4,9/28/2023 15:00,No,13769,15,0.11,269,1.95,13485,97.94,4742,35.16,115,0.85,0,0,0,0,15,0.11
12222_f_FY24 ROAR Day - 12 Hours Left - Newman,9/29/2023 9:00,No,981,0,0,13,1.33,968,98.67,351,36.26,6,0.62,0,0,0,0,1,0.1
12216_f_FY24 ROAR Day - 12 Hours Left - Parents,9/29/2023 9:30,No,8284,17,0.21,46,0.56,8221,99.24,4109,49.98,136,1.65,0,0,0,0,4,0.05
12219_f_FY24 ROAR Day - 12 Hours Left - Athletics,9/29/2023 10:00,No,5445,6,0.11,51,0.94,5388,98.95,2137,39.66,84,1.56,0,0,0,0,7,0.13
12228_f_FY24 ROAR Day - 12 Hours Left - General,9/29/2023 10:30,No,1607,1,0.06,38,2.36,1568,97.57,660,42.09,23,1.47,1,0.06,0,0,13,0.83
12225_f_FY24 ROAR Day - 12 Hours Left - Saunders,9/29/2023 11:00,No,12414,15,0.12,189,1.52,12210,98.36,3605,29.52,40,0.33,0,0,0,0,14,0.11
12213_f_FY24 ROAR Day - 12 Hours Left - Alumni,9/29/2023 12:00,No,12587,17,0.14,182,1.45,12388,98.42,4513,36.43,82,0.66,0,0,0,0,15,0.12
12213_f_FY24 ROAR Day - 12 Hours Left - Alumni 2,9/29/2023 13:00,No,14009,15,0.11,168,1.2,13826,98.69,4310,31.17,37,0.27,0,0,0,0,19,0.14
12213_f_FY24 ROAR Day - 12 Hours Left - Alumni 3,9/29/2023 14:00,No,10166,30,0.3,481,4.73,9655,94.97,3330,34.49,12,0.12,0,0,0,0,10,0.1
12234_f_FY24 ROAR Day - Hours Left - All - Newman,9/29/2023 15:00,No,981,0,0,12,1.22,969,98.78,271,27.97,6,0.62,0,0,0,0,0,0
12213_f_FY24 ROAR Day - 12 Hours Left - Alumni 4,9/29/2023 15:00,No,13757,10,0.07,265,1.93,13482,98,4752,35.25,48,0.36,0,0,0,0,22,0.16
12234_f_FY24 ROAR Day - Hours Left - All - Parents,9/29/2023 15:30,No,8284,16,0.19,62,0.75,8206,99.06,3203,39.03,95,1.16,0,0,0,0,11,0.13
12234_f_FY24 ROAR Day - Hours Left - All - Athletics,9/29/2023 16:00,No,5445,7,0.13,49,0.9,5389,98.97,1413,26.22,44,0.82,0,0,0,0,4,0.07
12234_f_FY24 ROAR Day - Hours Left - All - General,9/29/2023 16:30,No,1607,0,0,7,0.44,1600,99.56,428,26.75,10,0.63,1,0.06,0,0,7,0.44
12234_f_FY24 ROAR Day - Hours Left - All - Saunders,9/29/2023 17:00,No,12414,14,0.11,214,1.72,12186,98.16,2040,16.74,45,0.37,0,0,0,0,10,0.08
12234_f_FY24 ROAR Day - Hours Left - All,9/29/2023 18:00,No,12587,17,0.14,315,2.5,12255,97.36,3941,32.16,75,0.61,0,0,0,0,21,0.17
12234_f_FY24 ROAR Day - Hours Left - All - Alumni 2,9/29/2023 19:00,No,14009,18,0.13,211,1.51,13780,98.37,4766,34.59,49,0.36,0,0,0,0,25,0.18
12234_f_FY24 ROAR Day - Hours Left - All - Alumni 3,9/29/2023 20:00,No,10166,22,0.22,430,4.23,9714,95.55,3821,39.33,18,0.19,0,0,0,0,23,0.24
12234_f_FY24 ROAR Day - Hours Left - All - Alumni 4,9/29/2023 21:00,No,13757,19,0.14,223,1.62,13515,98.24,4873,36.06,54,0.4,0,0,0,0,27,0.2
13959_f1_ROAR Day - Launch (FST_ROAR Day 2023),10/31/2024 12:00,No,59,0,0,0,0,59,100,18,30.51,1,1.69,0,0,0,0,0,0
13953_f1_ROAR Day - Launch (RIT Greeks),10/31/2024 12:00,No,2683,0,0,16,0.6,2667,99.4,780,29.25,16,0.6,0,0,0,0,0,0
13956_f1_ROAR Day - Launch (RIT Parents),10/31/2024 12:00,No,8664,7,0.08,33,0.38,8624,99.54,3637,42.17,110,1.28,0,0,0,0,3,0.03
13944_f1_ROAR Day - Launch (RIT Athletics),10/31/2024 12:00,No,5737,5,0.09,48,0.84,5684,99.08,2018,35.5,98,1.72,0,0,0,0,8,0.14
13938_f1_ROAR Day - Launch (Sentinel Society),10/31/2024 12:00,No,441,0,0,1,0.23,440,99.77,207,47.05,14,3.18,0,0,0,0,0,0
13941_f1_ROAR Day - Launch (RIT Alumni),10/31/2024 12:15,No,17318,10,0.06,141,0.81,17167,99.13,4824,28.1,133,0.77,0,0,0,0,20,0.12
13941_f1_ROAR Day - Launch (RIT Alumni) Group 2,10/31/2024 12:30,No,17996,13,0.07,422,2.34,17561,97.58,4406,25.09,48,0.27,0,0,0,0,9,0.05
13941_f1_ROAR Day - Launch (RIT Alumni) Group 3,10/31/2024 12:45,No,15810,2,0.01,612,3.87,15196,96.12,2303,15.16,32,0.21,0,0,0,0,5,0.03
13941_f1_ROAR Day - Launch (RIT Alumni) Group 4,10/31/2024 13:00,No,18233,6,0.03,207,1.14,18020,98.83,4221,23.42,57,0.32,1,0.01,0,0,18,0.1
13962_f1_ROAR Day - Its Not Too Late Email,11/1/2024 12:30,No,86036,20,0.02,2033,2.36,83983,97.61,21504,25.61,329,0.39,0,0,0,0,69,0.08
14037_f1_ROAR Day - Extra Time Email,11/4/2024 11:00,No,20731,2,0.01,1,0,20728,99.99,16672,80.43,234,1.13,0,0,0,0,51,0.25
14049_c2_ROAR Day - Thank You (BB to TV),11/7/2024 17:00,No,1882,22,1.17,0,0,1860,98.83,1043,56.08,103,5.54,0,0,0,0,1,0.05
